{"stats":{"minecraft:dropped":{"minecraft:iron_ingot":23,"minecraft:oak_slab":9,"minecraft:sugar_cane":2,"minecraft:wheat_seeds":5,"minecraft:iron_helmet":2,"minecraft:rotten_flesh":8,"minecraft:iron_boots":2,"gamma_beasts:golden_berries":64,"iceandfire:dragonegg_black":1,"minecraft:stick":7,"minecraft:dirt":64,"gravestone:obituary":6,"iceandfire:fire_dragon_heart":1,"minecraft:cactus":1,"minecraft:string":6},"minecraft:killed":{"gamma_beasts:banndu_a":1},"minecraft:crafted":{"minecraft:crafting_table":2,"minecraft:spruce_planks":12,"minecraft:stone_axe":1,"gamma_beasts:leather_saddle":1,"sophisticatedbackpacks:diamond_backpack":1,"minecraft:stick":4,"gamma_beasts:banndu_saddle":1},"minecraft:mined":{"gravestone:gravestone":4,"minecraft:sugar_cane":1,"minecraft:iron_door":1,"minecraft:cactus":3,"minecraft:grass":10,"gamma_beasts:acacia_hoja":1,"minecraft:bookshelf":94,"minecraft:cobweb":6},"minecraft:used":{"minecraft:flint_and_steel":21,"minecraft:stone_pickaxe":1,"minecraft:cactus":3,"minecraft:shield":20,"minecraft:iron_sword":57,"minecraft:dirt":11,"minecraft:crafting_table":2,"gamma_beasts:crystal_pearl":3,"iceandfire:dragonegg_black":7,"iceandfire:dragon_horn":2,"minecraft:iron_door":1,"minecraft:stone_axe":94,"minecraft:cooked_porkchop":8,"iceandfire:dragonegg_gray":2},"minecraft:picked_up":{"minecraft:iron_chestplate":1,"minecraft:iron_door":1,"minecraft:leather":8,"iceandfire:dragonegg_gray":1,"minecraft:dirt":64,"minecraft:string":6,"minecraft:iron_ingot":4,"minecraft:beef":2,"minecraft:ender_eye":2,"minecraft:sugar_cane":2,"iceandfire:fire_dragon_flesh":5,"minecraft:iron_boots":2,"minecraft:book":282,"iceandfire:dragonegg_black":5,"iceandfire:dragonbone":16,"iceandfire:dragonscales_gray":101,"gamma_beasts:crystal_pearl":1,"gamma_beasts:gamma_reactor":1,"iceandfire:dragon_skull_fire":1,"minecraft:cactus":2,"minecraft:rotten_flesh":8,"minecraft:iron_helmet":2,"gamma_beasts:kiwi":2,"iceandfire:fire_dragon_heart":1,"gamma_beasts:golden_berries":65,"minecraft:mutton":2},"minecraft:custom":{"minecraft:mob_kills":2,"minecraft:interact_with_crafting_table":4,"minecraft:leave_game":1,"minecraft:time_since_death":11999,"minecraft:sleep_in_bed":1,"minecraft:climb_one_cm":495,"minecraft:time_since_rest":12033,"minecraft:sprint_one_cm":107625,"minecraft:damage_taken":1675,"minecraft:walk_one_cm":74104,"minecraft:damage_blocked_by_shield":750,"minecraft:drop":23,"minecraft:damage_dealt":1606,"minecraft:swim_one_cm":18960,"minecraft:fly_one_cm":195754,"minecraft:open_chest":8,"minecraft:crouch_one_cm":6336,"minecraft:play_time":49057,"minecraft:deaths":4,"minecraft:sneak_time":1758,"minecraft:walk_under_water_one_cm":451,"minecraft:jump":649,"minecraft:walk_on_water_one_cm":10443,"minecraft:total_world_time":49057,"minecraft:fall_one_cm":12624},"minecraft:killed_by":{"minecraft:zombie":1,"gamma_beasts:banndu_a":3}},"DataVersion":3465}