{"stats":{"minecraft:dropped":{"minecraft:iron_ingot":23,"minecraft:dirt":64,"minecraft:oak_slab":9,"minecraft:sugar_cane":2,"minecraft:wheat_seeds":5,"gravestone:obituary":3,"iceandfire:fire_dragon_heart":1,"minecraft:cactus":1,"iceandfire:dragonegg_black":1,"minecraft:stick":7},"minecraft:crafted":{"minecraft:crafting_table":1,"minecraft:spruce_planks":4,"sophisticatedbackpacks:diamond_backpack":1,"gamma_beasts:banndu_saddle":1,"gamma_beasts:leather_saddle":1},"minecraft:mined":{"minecraft:cactus":3,"gravestone:gravestone":2,"minecraft:grass":5,"gamma_beasts:acacia_hoja":1,"minecraft:sugar_cane":1},"minecraft:used":{"iceandfire:dragonegg_black":7,"minecraft:flint_and_steel":21,"iceandfire:dragon_horn":2,"minecraft:cactus":3,"minecraft:shield":19,"minecraft:iron_sword":22,"minecraft:dirt":1,"minecraft:crafting_table":1,"minecraft:cooked_porkchop":7,"iceandfire:dragonegg_gray":2},"minecraft:picked_up":{"minecraft:iron_chestplate":1,"iceandfire:dragonegg_black":5,"iceandfire:dragonscales_gray":101,"iceandfire:dragonbone":16,"minecraft:leather":6,"iceandfire:dragon_skull_fire":1,"iceandfire:dragonegg_gray":1,"minecraft:dirt":64,"minecraft:cactus":2,"minecraft:rotten_flesh":4,"gamma_beasts:kiwi":2,"minecraft:iron_helmet":1,"iceandfire:fire_dragon_heart":1,"minecraft:iron_ingot":4,"minecraft:ender_eye":1,"gamma_beasts:golden_berries":65,"minecraft:sugar_cane":2,"minecraft:mutton":2,"iceandfire:fire_dragon_flesh":5,"minecraft:iron_boots":1},"minecraft:custom":{"minecraft:time_since_rest":8825,"minecraft:sprint_one_cm":84244,"minecraft:damage_taken":1085,"minecraft:walk_one_cm":50290,"minecraft:damage_blocked_by_shield":690,"minecraft:mob_kills":1,"minecraft:drop":12,"minecraft:damage_dealt":798,"minecraft:swim_one_cm":12367,"minecraft:interact_with_crafting_table":3,"minecraft:fly_one_cm":170065,"minecraft:open_chest":3,"minecraft:crouch_one_cm":2101,"minecraft:play_time":33763,"minecraft:deaths":2,"minecraft:sneak_time":492,"minecraft:walk_under_water_one_cm":178,"minecraft:jump":497,"minecraft:time_since_death":8796,"minecraft:walk_on_water_one_cm":7941,"minecraft:sleep_in_bed":1,"minecraft:total_world_time":33763,"minecraft:fall_one_cm":9305},"minecraft:killed_by":{"gamma_beasts:banndu_a":1,"minecraft:zombie":1}},"DataVersion":3465}