{"stats":{"minecraft:dropped":{"gravestone:obituary":3,"minecraft:wheat_seeds":5,"iceandfire:fire_dragon_heart":1,"iceandfire:dragonegg_black":1},"minecraft:used":{"iceandfire:dragonegg_black":7,"minecraft:flint_and_steel":21,"iceandfire:dragonegg_gray":2},"minecraft:picked_up":{"iceandfire:dragonegg_black":5,"iceandfire:dragonbone":16,"iceandfire:dragonscales_gray":101,"iceandfire:dragon_skull_fire":1,"iceandfire:fire_dragon_heart":1,"iceandfire:dragonegg_gray":1,"iceandfire:fire_dragon_flesh":5},"minecraft:custom":{"minecraft:time_since_rest":3008,"minecraft:open_chest":3,"minecraft:play_time":9763,"minecraft:crouch_one_cm":187,"minecraft:sprint_one_cm":11742,"minecraft:damage_taken":66,"minecraft:walk_one_cm":14679,"minecraft:sneak_time":93,"minecraft:drop":6,"minecraft:jump":64,"minecraft:damage_dealt":36,"minecraft:time_since_death":9763,"minecraft:sleep_in_bed":1,"minecraft:total_world_time":9763,"minecraft:fly_one_cm":71314}},"DataVersion":3465}