{"stats":{"minecraft:dropped":{"minecraft:iron_ingot":23,"minecraft:dirt":64,"minecraft:oak_slab":9,"minecraft:sugar_cane":2,"minecraft:wheat_seeds":5,"gravestone:obituary":3,"iceandfire:fire_dragon_heart":1,"iceandfire:dragonegg_black":1,"minecraft:stick":7},"minecraft:crafted":{"sophisticatedbackpacks:diamond_backpack":1},"minecraft:mined":{"minecraft:grass":2,"gamma_beasts:acacia_hoja":1,"minecraft:sugar_cane":1},"minecraft:used":{"iceandfire:dragonegg_black":7,"minecraft:flint_and_steel":21,"iceandfire:dragon_horn":2,"minecraft:iron_sword":4,"minecraft:dirt":1,"minecraft:cooked_porkchop":3,"iceandfire:dragonegg_gray":2},"minecraft:picked_up":{"iceandfire:dragonegg_black":5,"iceandfire:dragonscales_gray":101,"iceandfire:dragonbone":16,"iceandfire:dragon_skull_fire":1,"iceandfire:dragonegg_gray":1,"minecraft:dirt":64,"gamma_beasts:kiwi":2,"iceandfire:fire_dragon_heart":1,"minecraft:iron_ingot":4,"minecraft:sugar_cane":2,"iceandfire:fire_dragon_flesh":5},"minecraft:custom":{"minecraft:time_since_rest":15008,"minecraft:sprint_one_cm":69154,"minecraft:damage_taken":383,"minecraft:walk_one_cm":36775,"minecraft:drop":11,"minecraft:damage_dealt":230,"minecraft:swim_one_cm":5349,"minecraft:interact_with_crafting_table":1,"minecraft:fly_one_cm":145410,"minecraft:open_chest":3,"minecraft:crouch_one_cm":1937,"minecraft:play_time":21763,"minecraft:sneak_time":434,"minecraft:walk_under_water_one_cm":32,"minecraft:jump":385,"minecraft:time_since_death":21763,"minecraft:walk_on_water_one_cm":1479,"minecraft:sleep_in_bed":1,"minecraft:total_world_time":21763,"minecraft:fall_one_cm":7151}},"DataVersion":3465}