{"stats":{"minecraft:picked_up":{"gamma_beasts:thin_oak_log":3,"minecraft:crafting_table":9,"minecraft:feather":2,"minecraft:chicken":1,"gamma_beasts:cooked_bird_thigh":1,"gamma_beasts:prehnite":1,"gamma_beasts:green_apple":9,"minecraft:oak_log":19,"gravestone:obituary":2,"minecraft:dirt":22,"minecraft:raw_copper":4,"gamma_beasts:red_maple_log":3,"minecraft:iron_pickaxe":1,"minecraft:sugar_cane":9,"minecraft:furnace":5,"minecraft:stick":2,"minecraft:raw_iron":27,"minecraft:porkchop":5,"minecraft:diorite":6,"minecraft:carrot":1,"minecraft:rotten_flesh":3,"minecraft:granite":5,"gamma_beasts:coal_nugget":4,"minecraft:mutton":5,"minecraft:coal":10,"minecraft:white_wool":3,"iceandfire:raw_silver":1,"minecraft:cobblestone":87},"minecraft:dropped":{"minecraft:iron_ingot":4,"minecraft:furnace":1,"minecraft:crafting_table":1,"minecraft:coal":18,"gravestone:obituary":13},"minecraft:custom":{"minecraft:interact_with_furnace":24,"minecraft:mob_kills":12,"minecraft:interact_with_crafting_table":11,"minecraft:leave_game":4,"minecraft:time_since_death":29574,"minecraft:time_since_rest":29605,"minecraft:sprint_one_cm":198834,"minecraft:damage_taken":1483,"minecraft:walk_one_cm":117627,"minecraft:damage_blocked_by_shield":55,"minecraft:drop":17,"minecraft:damage_dealt":1549,"minecraft:swim_one_cm":17203,"minecraft:fly_one_cm":217351,"minecraft:crouch_one_cm":14396,"minecraft:play_time":58526,"minecraft:deaths":5,"minecraft:sneak_time":5137,"minecraft:walk_under_water_one_cm":3189,"minecraft:jump":1333,"minecraft:walk_on_water_one_cm":7782,"minecraft:total_world_time":58526,"minecraft:fall_one_cm":29512},"minecraft:mined":{"iceandfire:silver_ore":1,"minecraft:crafting_table":9,"gravestone:gravestone":12,"minecraft:granite":5,"minecraft:grass_block":11,"minecraft:tall_grass":1,"minecraft:sugar_cane":4,"minecraft:diorite":5,"minecraft:furnace":5,"minecraft:iron_ore":27,"gamma_beasts:prehnite_ore":1,"gamma_beasts:thin_oak_log":3,"minecraft:grass":7,"minecraft:oak_log":19,"minecraft:coal_ore":8,"minecraft:dirt":13,"minecraft:stone":87,"gamma_beasts:red_maple_log":3,"minecraft:oak_leaves":2},"minecraft:crafted":{"minecraft:oak_planks":38,"gamma_beasts:red_maple_planks":12,"minecraft:cooked_porkchop":5,"minecraft:crafting_table":1,"minecraft:wooden_pickaxe":1,"minecraft:iron_helmet":1,"minecraft:iron_sword":1,"minecraft:furnace":1,"minecraft:stone_axe":1,"minecraft:air":0,"minecraft:iron_boots":1,"minecraft:iron_chestplate":1,"minecraft:shield":1,"minecraft:stick":8,"minecraft:iron_ingot":31,"minecraft:stone_pickaxe":2,"minecraft:iron_leggings":1,"minecraft:torch":4},"minecraft:broken":{"minecraft:stone_pickaxe":1},"minecraft:killed_by":{"minecraft:skeleton":1,"minecraft:zombie":4},"minecraft:killed":{"minecraft:pig":2,"minecraft:spider":1,"minecraft:skeleton":3,"minecraft:sheep":4,"minecraft:chicken":2},"minecraft:used":{"minecraft:stone_pickaxe":133,"minecraft:oak_planks":6,"minecraft:wooden_pickaxe":10,"minecraft:shield":3,"gamma_beasts:green_apple":9,"minecraft:rotten_flesh":3,"minecraft:torch":3,"minecraft:dirt":21,"minecraft:crafting_table":7,"minecraft:carrot":1,"minecraft:granite":3,"minecraft:iron_pickaxe":4,"gamma_beasts:cooked_bird_thigh":1,"minecraft:stone_axe":44,"minecraft:cobblestone":1,"gamma_beasts:red_maple_planks":9,"minecraft:furnace":4,"minecraft:cooked_porkchop":2}},"DataVersion":3465}