{"stats":{"minecraft:custom":{"minecraft:time_since_rest":3652,"minecraft:crouch_one_cm":541,"minecraft:play_time":3652,"minecraft:sprint_one_cm":2039,"minecraft:damage_taken":32,"minecraft:walk_one_cm":2987,"minecraft:sneak_time":290,"minecraft:jump":34,"minecraft:damage_dealt":124,"minecraft:time_since_death":3652,"minecraft:total_world_time":3652,"minecraft:fall_one_cm":418,"minecraft:interact_with_crafting_table":1,"minecraft:fly_one_cm":2726,"minecraft:player_kills":1},"minecraft:crafted":{"minecraft:oak_planks":20,"minecraft:crafting_table":1,"minecraft:stick":4,"minecraft:wooden_pickaxe":1},"minecraft:mined":{"minecraft:grass_block":1,"minecraft:oak_log":5,"minecraft:dirt":7,"minecraft:crafting_table":1},"minecraft:used":{"minecraft:crafting_table":1,"minecraft:wooden_pickaxe":1},"minecraft:picked_up":{"minecraft:stick":1,"minecraft:crafting_table":1,"minecraft:wheat_seeds":2,"minecraft:oak_log":5,"minecraft:dirt":8}},"DataVersion":3953}