{"stats":{"minecraft:custom":{"minecraft:time_since_rest":12494,"minecraft:deaths":1,"minecraft:crouch_one_cm":541,"minecraft:play_time":17459,"minecraft:sprint_one_cm":24721,"minecraft:damage_taken":376,"minecraft:walk_one_cm":14430,"minecraft:sneak_time":290,"minecraft:jump":215,"minecraft:damage_dealt":543,"minecraft:leave_game":1,"minecraft:time_since_death":4143,"minecraft:total_world_time":17459,"minecraft:fall_one_cm":5909,"minecraft:interact_with_crafting_table":1,"minecraft:fly_one_cm":28642,"minecraft:player_kills":3},"minecraft:crafted":{"minecraft:oak_planks":20,"minecraft:crafting_table":1,"minecraft:stick":4,"minecraft:wooden_pickaxe":1},"minecraft:mined":{"minecraft:grass_block":3,"minecraft:oak_log":5,"minecraft:dirt":8,"minecraft:oak_leaves":10,"minecraft:crafting_table":1},"minecraft:used":{"minecraft:dirt":2,"minecraft:crafting_table":1,"minecraft:wooden_pickaxe":1},"minecraft:killed_by":{"minecraft:zombie":1},"minecraft:picked_up":{"minecraft:stick":1,"minecraft:crafting_table":1,"minecraft:rotten_flesh":5,"minecraft:wheat_seeds":2,"minecraft:oak_log":5,"minecraft:dirt":10}},"DataVersion":3953}