{"stats":{"minecraft:picked_up":{"gamma_beasts:thin_oak_log":13,"minecraft:crafting_table":15,"minecraft:feather":2,"minecraft:chicken":1,"gamma_beasts:cooked_bird_thigh":1,"minecraft:leather":8,"gamma_beasts:prehnite":1,"minecraft:flint":1,"gamma_beasts:green_apple":9,"minecraft:oak_log":19,"gravestone:obituary":4,"minecraft:string":5,"minecraft:dirt":28,"minecraft:raw_copper":4,"minecraft:bone":3,"minecraft:wheat_seeds":1,"minecraft:beef":8,"minecraft:oak_boat":1,"gamma_beasts:red_maple_log":3,"minecraft:iron_pickaxe":1,"minecraft:sugar_cane":9,"minecraft:oak_planks":3,"minecraft:iron_boots":1,"minecraft:furnace":6,"minecraft:stick":2,"minecraft:raw_iron":27,"iceandfire:dragonbone":11,"minecraft:porkchop":11,"minecraft:white_bed":2,"minecraft:diorite":6,"minecraft:carrot":1,"minecraft:arrow":2,"minecraft:rotten_flesh":8,"minecraft:granite":5,"gamma_beasts:coal_nugget":4,"minecraft:chainmail_helmet":1,"minecraft:mutton":5,"minecraft:coal":13,"minecraft:white_wool":3,"iceandfire:raw_silver":1,"minecraft:cobblestone":87},"minecraft:dropped":{"minecraft:iron_ingot":4,"minecraft:furnace":1,"minecraft:wheat_seeds":1,"minecraft:crafting_table":1,"minecraft:feather":2,"minecraft:oak_planks":3,"minecraft:iron_boots":1,"minecraft:leather":2,"minecraft:chainmail_helmet":1,"minecraft:coal":18,"minecraft:oak_boat":1,"gravestone:obituary":17},"minecraft:custom":{"minecraft:interact_with_furnace":37,"minecraft:mob_kills":32,"minecraft:interact_with_crafting_table":19,"minecraft:leave_game":4,"minecraft:time_since_death":6279,"minecraft:sleep_in_bed":1,"minecraft:time_since_rest":6307,"minecraft:sprint_one_cm":313760,"minecraft:damage_taken":2351,"minecraft:walk_one_cm":168846,"minecraft:damage_blocked_by_shield":800,"minecraft:drop":29,"minecraft:damage_dealt":5496,"minecraft:swim_one_cm":17203,"minecraft:fly_one_cm":361871,"minecraft:crouch_one_cm":22991,"minecraft:play_time":94526,"minecraft:deaths":7,"minecraft:sneak_time":8971,"minecraft:walk_under_water_one_cm":3493,"minecraft:boat_one_cm":91952,"minecraft:jump":2179,"minecraft:walk_on_water_one_cm":10942,"minecraft:total_world_time":94526,"minecraft:fall_one_cm":50942},"minecraft:mined":{"gamma_beasts:roble_hoja_1":1,"minecraft:white_bed":2,"iceandfire:silver_ore":1,"minecraft:powder_snow":13,"minecraft:crafting_table":15,"gravestone:gravestone":14,"minecraft:granite":5,"minecraft:grass_block":14,"minecraft:tall_grass":3,"minecraft:sugar_cane":4,"minecraft:diorite":5,"minecraft:furnace":6,"minecraft:iron_ore":27,"gamma_beasts:prehnite_ore":1,"gamma_beasts:thin_oak_log":13,"minecraft:grass":8,"minecraft:oak_log":19,"minecraft:coal_ore":11,"minecraft:dirt":15,"minecraft:stone":87,"gamma_beasts:red_maple_log":3,"minecraft:oak_leaves":3},"minecraft:crafted":{"minecraft:oak_planks":50,"gamma_beasts:red_maple_planks":12,"minecraft:cooked_porkchop":8,"minecraft:leather_boots":1,"minecraft:crafting_table":1,"minecraft:cooked_chicken":1,"minecraft:wooden_pickaxe":1,"minecraft:iron_helmet":1,"minecraft:iron_sword":1,"minecraft:furnace":1,"minecraft:stone_axe":1,"minecraft:cooked_mutton":5,"minecraft:air":0,"minecraft:oak_boat":2,"minecraft:iron_boots":1,"minecraft:iron_chestplate":1,"minecraft:shield":1,"minecraft:stick":8,"minecraft:iron_ingot":31,"minecraft:stone_pickaxe":2,"minecraft:chest":1,"minecraft:iron_leggings":1,"minecraft:white_bed":1,"minecraft:torch":4},"minecraft:broken":{"minecraft:stone_pickaxe":1},"minecraft:killed_by":{"minecraft:skeleton":2,"minecraft:zombie":5},"minecraft:killed":{"minecraft:pig":6,"minecraft:spider":4,"gamma_beasts:careyatros_a":1,"minecraft:skeleton":4,"minecraft:sheep":4,"minecraft:zombie":7,"minecraft:bee":1,"minecraft:chicken":2,"minecraft:cow":3},"minecraft:used":{"minecraft:diorite":6,"minecraft:stone_pickaxe":137,"minecraft:oak_planks":6,"minecraft:wooden_pickaxe":10,"minecraft:shield":32,"gamma_beasts:green_apple":9,"minecraft:iron_sword":64,"minecraft:rotten_flesh":3,"minecraft:torch":3,"minecraft:dirt":25,"minecraft:crafting_table":13,"minecraft:carrot":1,"minecraft:white_bed":2,"minecraft:granite":5,"minecraft:iron_pickaxe":4,"gamma_beasts:cooked_bird_thigh":1,"minecraft:stone_axe":79,"minecraft:cobblestone":6,"gamma_beasts:red_maple_planks":9,"minecraft:porkchop":1,"minecraft:furnace":5,"minecraft:cooked_porkchop":8,"minecraft:oak_boat":1}},"DataVersion":3465}