{"stats":{"minecraft:used":{"minecraft:iron_shovel":33,"minecraft:flint_and_steel":1,"minecraft:shield":104,"gamma_beasts:green_apple":9,"minecraft:iron_sword":502,"minecraft:rotten_flesh":3,"minecraft:netherrack":185,"minecraft:torch":68,"minecraft:dirt":29,"minecraft:anvil":1,"minecraft:carrot":1,"minecraft:granite":5,"minecraft:obsidian":7,"minecraft:shroomlight":1,"minecraft:iron_axe":3,"gamma_beasts:pear":9,"minecraft:bow":17,"minecraft:golden_carrot":2,"minecraft:magma_block":2,"gamma_beasts:red_maple_planks":9,"minecraft:furnace":13,"minecraft:egg":1,"minecraft:cooked_beef":13,"minecraft:cooked_mutton":6,"minecraft:diorite":6,"minecraft:oak_planks":15,"minecraft:stone_pickaxe":266,"minecraft:wooden_pickaxe":10,"minecraft:sand":9,"minecraft:crafting_table":23,"minecraft:white_bed":11,"minecraft:dripstone_block":1,"gamma_beasts:blackberry":9,"iceandfire:dragonbone_bow":1,"iceandfire:dragonbone_sword_fire":115,"minecraft:iron_pickaxe":174,"iceandfire:ash":1,"gamma_beasts:cooked_bird_thigh":1,"minecraft:stone_axe":129,"minecraft:pink_petals":2,"minecraft:cobblestone":78,"minecraft:porkchop":1,"minecraft:cooked_porkchop":41,"iceandfire:chared_grass":1,"minecraft:oak_boat":2},"minecraft:broken":{"minecraft:iron_chestplate":1,"minecraft:iron_boots":2,"minecraft:iron_leggings":2,"minecraft:stone_pickaxe":2,"minecraft:shield":1,"minecraft:stone_axe":1,"minecraft:iron_sword":1,"minecraft:iron_helmet":2},"minecraft:killed_by":{"minecraft:player":2,"iceandfire:cyclops":5,"gamma_beasts:dogishi_a":1,"minecraft:skeleton":3,"minecraft:blaze":1,"minecraft:zombie":9,"gamma_beasts:sppinto_a":1,"iceandfire:ghost":1,"gamma_beasts:diamond_golem_a":4,"iceandfire:fire_dragon":39},"minecraft:killed":{"minecraft:spider":4,"minecraft:skeleton":5,"iceandfire:fire_dragon":2,"minecraft:bee":1,"minecraft:chicken":2,"gamma_beasts:diamond_golem_c":2,"minecraft:magma_cube":1,"minecraft:pig":10,"iceandfire:cyclops":1,"gamma_beasts:careyatros_a":1,"minecraft:sheep":4,"gamma_beasts:diamond_golem_a":2,"minecraft:zombie":9,"iceandfire:ghost":2,"gamma_beasts:dogishi_a":1,"minecraft:wither_skeleton":7,"minecraft:blaze":5,"minecraft:cow":8},"minecraft:mined":{"minecraft:white_bed":10,"gamma_beasts:roble_hoja_1":1,"iceandfire:silver_ore":1,"minecraft:deepslate_diamond_ore":4,"minecraft:sculk_vein":1,"gamma_beasts:spider_egg":1,"minecraft:nether_bricks":10,"gravestone:gravestone":71,"minecraft:granite":5,"minecraft:grass_block":15,"minecraft:crimson_roots":4,"minecraft:hay_block":9,"minecraft:nether_wart":60,"minecraft:weeping_vines_plant":1,"minecraft:crimson_stem":10,"iceandfire:chared_grass":1,"minecraft:large_fern":1,"minecraft:magma_block":2,"minecraft:furnace":14,"minecraft:iron_ore":27,"minecraft:fire":36,"gamma_beasts:prehnite_ore":1,"minecraft:gold_block":2,"minecraft:nether_brick_fence":2,"minecraft:shroomlight":2,"iceandfire:gold_pile":6,"minecraft:vine":1,"minecraft:iron_bars":1,"minecraft:stone":104,"gamma_beasts:abeto_hoja":3,"minecraft:crimson_nylium":2,"minecraft:powder_snow":13,"minecraft:crafting_table":24,"gamma_beasts:abeto_hoja_1":1,"iceandfire:ghost_chest":1,"minecraft:nether_quartz_ore":2,"minecraft:copper_ore":7,"minecraft:tall_grass":11,"minecraft:cobblestone":3,"minecraft:sugar_cane":4,"minecraft:diorite":5,"minecraft:skeleton_skull":1,"minecraft:pink_petals":4,"gamma_beasts:abedul_hojas":3,"minecraft:nether_wart_block":8,"minecraft:birch_leaves":2,"minecraft:wither_rose":1,"gamma_beasts:thin_oak_log":13,"minecraft:grass":32,"minecraft:oak_log":19,"minecraft:coal_ore":11,"minecraft:gravel":9,"minecraft:sand":27,"minecraft:dirt":15,"minecraft:cobweb":3,"minecraft:cracked_stone_bricks":1,"gamma_beasts:red_maple_log":3,"minecraft:netherrack":223,"minecraft:oak_leaves":3,"minecraft:suspicious_gravel":2},"minecraft:crafted":{"minecraft:oak_planks":102,"gamma_beasts:red_maple_planks":12,"minecraft:leather_boots":1,"iceandfire:dragonbone_sword_fire":1,"minecraft:cooked_chicken":1,"iceandfire:dragon_stick":1,"minecraft:furnace":2,"minecraft:cooked_mutton":5,"minecraft:glass":6,"minecraft:iron_boots":1,"sophisticatedbackpacks:copper_backpack":1,"minecraft:stone_pickaxe":2,"minecraft:chest":1,"sophisticatedbackpacks:iron_backpack":1,"minecraft:cooked_beef":15,"minecraft:glass_bottle":6,"iceandfire:dragonbone_sword":1,"minecraft:crimson_planks":36,"sophisticatedbackpacks:backpack":1,"minecraft:cooked_porkchop":19,"minecraft:crafting_table":1,"minecraft:wooden_pickaxe":1,"minecraft:iron_helmet":1,"minecraft:iron_sword":1,"minecraft:copper_ingot":18,"sophisticatedbackpacks:gold_backpack":1,"minecraft:stone_axe":2,"minecraft:air":0,"minecraft:oak_boat":2,"minecraft:iron_chestplate":1,"minecraft:shield":2,"minecraft:stick":20,"minecraft:iron_ingot":40,"minecraft:iron_pickaxe":1,"minecraft:stone_sword":1,"minecraft:iron_leggings":1,"minecraft:iron_shovel":1,"minecraft:gold_ingot":10,"minecraft:white_bed":1,"minecraft:torch":4},"minecraft:custom":{"minecraft:interact_with_anvil":1,"minecraft:mob_kills":68,"minecraft:interact_with_crafting_table":43,"minecraft:damage_dealt_resisted":32,"minecraft:leave_game":6,"minecraft:time_since_death":237,"minecraft:climb_one_cm":202,"minecraft:sprint_one_cm":926537,"minecraft:walk_one_cm":437851,"minecraft:damage_blocked_by_shield":1995,"minecraft:drop":208,"minecraft:damage_dealt_absorbed":17,"minecraft:talked_to_villager":1,"minecraft:play_time":318927,"minecraft:sneak_time":22857,"minecraft:deaths":73,"minecraft:walk_under_water_one_cm":30184,"minecraft:boat_one_cm":246839,"minecraft:jump":7294,"minecraft:walk_on_water_one_cm":50046,"minecraft:total_world_time":318927,"minecraft:interact_with_furnace":85,"minecraft:sleep_in_bed":8,"minecraft:time_since_rest":266,"minecraft:damage_taken":24568,"minecraft:trigger_trapped_chest":2,"minecraft:damage_dealt":24330,"minecraft:player_kills":4,"minecraft:swim_one_cm":77768,"minecraft:fly_one_cm":2277159,"minecraft:crouch_one_cm":63638,"minecraft:open_chest":72,"minecraft:fall_one_cm":229870},"minecraft:picked_up":{"gamma_beasts:thin_oak_log":14,"minecraft:crafting_table":24,"minecraft:nether_wart":60,"minecraft:nether_brick_fence":2,"iceandfire:witherbone":1,"minecraft:chainmail_boots":1,"minecraft:chicken":1,"gamma_beasts:fur":13,"minecraft:gold_block":2,"minecraft:enchanted_book":1,"gravestone:obituary":37,"minecraft:cornflower":2,"minecraft:string":8,"minecraft:raw_copper":30,"minecraft:shroomlight":2,"minecraft:gold_nugget":142,"minecraft:cobbled_deepslate":1,"minecraft:poppy":1,"minecraft:beef":15,"iceandfire:dragonscales_gray":21,"minecraft:oak_boat":1,"iceandfire:dragonscales_green":43,"gamma_beasts:red_maple_log":3,"iceandfire:dragonscales_red":21,"minecraft:iron_pickaxe":1,"minecraft:sugar_cane":9,"minecraft:furnace":14,"minecraft:iron_boots":1,"minecraft:egg":4,"minecraft:stick":2,"minecraft:raw_iron":33,"iceandfire:dragonbone":63,"iceandfire:ghost_chest":1,"minecraft:torch":1,"iceandfire:chared_grass":1,"minecraft:fire_charge":1,"minecraft:porkchop":27,"minecraft:diorite":6,"minecraft:carrot":1,"iceandfire:cyclops_eye":2,"minecraft:arrow":6,"minecraft:rotten_flesh":12,"minecraft:nether_bricks":6,"minecraft:hay_block":10,"iceandfire:fire_dragon_heart":6,"gamma_beasts:coal_nugget":4,"minecraft:gold_ingot":5,"minecraft:blaze_rod":3,"minecraft:obsidian":3,"minecraft:mutton":22,"minecraft:skeleton_skull":1,"minecraft:white_wool":4,"minecraft:cobblestone":108,"gamma_beasts:pear":9,"minecraft:pink_petals":36,"minecraft:magma_block":2,"minecraft:feather":2,"minecraft:basalt":1,"minecraft:crimson_stem":9,"gamma_beasts:cooked_bird_thigh":1,"minecraft:leather":33,"gamma_beasts:bird_thigh":2,"gamma_beasts:oak_leaf":11,"gamma_beasts:prehnite":1,"minecraft:flint":5,"minecraft:oak_log":21,"gamma_beasts:green_apple":12,"minecraft:chainmail_chestplate":1,"iceandfire:ectoplasm":4,"iceandfire:dragonegg_gray":1,"minecraft:nether_wart_block":8,"minecraft:gunpowder":2,"minecraft:dirt":32,"iceandfire:dragonscales_bronze":54,"minecraft:glass":2,"minecraft:bone":19,"minecraft:kelp":7,"minecraft:wheat_seeds":12,"minecraft:iron_ingot":5,"minecraft:stone_pickaxe":1,"iceandfire:fire_dragon_flesh":13,"minecraft:soul_sand":4,"minecraft:oak_planks":3,"minecraft:ghast_tear":1,"minecraft:cooked_porkchop":12,"minecraft:dandelion":2,"iceandfire:ash":1,"minecraft:quartz":20,"minecraft:dripstone_block":1,"minecraft:gravel":28,"iceandfire:dragon_skull_fire":5,"minecraft:sand":79,"minecraft:spectral_arrow":22,"minecraft:white_bed":10,"minecraft:fermented_spider_eye":1,"gamma_beasts:blackberry":9,"minecraft:spider_eye":1,"gamma_beasts:spruce_leaf":1,"minecraft:diamond":9,"minecraft:deepslate":3,"minecraft:granite":5,"minecraft:chainmail_helmet":1,"gamma_beasts:salmon_steak":4,"minecraft:netherrack":188,"minecraft:coal":23,"minecraft:crimson_roots":1,"iceandfire:raw_silver":1},"minecraft:dropped":{"minecraft:iron_ingot":9,"iceandfire:raw_silver":1,"minecraft:wheat_seeds":8,"gamma_beasts:oak_leaf":7,"minecraft:oak_log":2,"minecraft:glass_bottle":1,"minecraft:crafting_table":1,"gamma_beasts:coal_nugget":4,"minecraft:feather":2,"minecraft:leather":5,"iceandfire:ectoplasm":1,"iceandfire:cyclops_eye":1,"minecraft:chainmail_helmet":1,"minecraft:coal":18,"minecraft:flint":5,"minecraft:stick":2,"minecraft:cobweb":7,"minecraft:dirt":4,"minecraft:torch":2,"minecraft:cornflower":1,"gamma_beasts:spruce_leaf":1,"minecraft:crimson_roots":1,"minecraft:nether_wart_block":8,"gravestone:obituary":103,"minecraft:gold_nugget":16,"minecraft:sand":68,"iceandfire:fire_dragon_blood":1,"minecraft:pink_petals":34,"minecraft:string":1,"minecraft:fermented_spider_eye":1,"minecraft:dandelion":1,"minecraft:gold_ingot":9,"minecraft:gravel":24,"minecraft:furnace":1,"minecraft:cobbled_deepslate":1,"minecraft:stone_sword":1,"minecraft:raw_copper":4,"minecraft:deepslate":3,"minecraft:rotten_flesh":10,"minecraft:oak_planks":4,"minecraft:iron_boots":1,"minecraft:nether_bricks":6,"gamma_beasts:thin_oak_log":1,"minecraft:chainmail_chestplate":1,"minecraft:filled_map":2,"minecraft:gunpowder":2,"minecraft:leather_boots":1,"minecraft:oak_boat":1,"minecraft:chainmail_boots":1,"minecraft:spider_eye":1,"minecraft:basalt":1,"minecraft:arrow":5,"minecraft:glass":2,"minecraft:stone_pickaxe":1,"minecraft:ghast_tear":1,"minecraft:quartz":20,"minecraft:netherrack":1,"gamma_beasts:fur":2,"minecraft:egg":1}},"DataVersion":3465}