{"stats":{"minecraft:dropped":{"iceandfire:raw_silver":1,"minecraft:soul_sand":7,"minecraft:oak_log":2,"minecraft:glass_bottle":1,"minecraft:crafting_table":1,"minecraft:leather":5,"iceandfire:ectoplasm":1,"minecraft:flint":5,"minecraft:dirt":88,"minecraft:cornflower":2,"minecraft:crimson_roots":1,"iceandfire:dragonegg_green":1,"gravestone:obituary":117,"minecraft:gold_nugget":16,"minecraft:sand":69,"iceandfire:fire_dragon_blood":1,"minecraft:fermented_spider_eye":1,"minecraft:white_wool":9,"minecraft:gold_ingot":9,"minecraft:gravel":40,"minecraft:cobbled_deepslate":1,"minecraft:rotten_flesh":10,"minecraft:oak_planks":4,"gamma_beasts:thin_oak_log":1,"minecraft:chainmail_chestplate":1,"minecraft:gunpowder":2,"minecraft:leather_boots":1,"minecraft:chainmail_boots":1,"minecraft:basalt":1,"minecraft:arrow":5,"minecraft:glass":2,"minecraft:ghast_tear":1,"minecraft:quartz":20,"minecraft:netherrack":1,"gamma_beasts:fur":2,"minecraft:egg":1,"minecraft:iron_ingot":9,"minecraft:wheat_seeds":18,"gamma_beasts:oak_leaf":7,"gamma_beasts:coal_nugget":4,"minecraft:feather":2,"minecraft:cobblestone":12,"iceandfire:cyclops_eye":1,"minecraft:chainmail_helmet":1,"minecraft:coal":18,"minecraft:stick":2,"minecraft:cobweb":7,"minecraft:torch":3,"gamma_beasts:spruce_leaf":1,"minecraft:nether_wart_block":8,"minecraft:string":1,"minecraft:pink_petals":34,"minecraft:dandelion":1,"minecraft:furnace":1,"minecraft:soul_soil":15,"minecraft:stone_sword":1,"minecraft:raw_copper":4,"minecraft:deepslate":3,"minecraft:iron_boots":1,"minecraft:nether_bricks":6,"minecraft:filled_map":2,"minecraft:oak_boat":1,"minecraft:spider_eye":1,"minecraft:stone_pickaxe":1,"minecraft:black_wool":1},"minecraft:killed":{"minecraft:spider":4,"minecraft:skeleton":5,"minecraft:bee":1,"minecraft:chicken":2,"gamma_beasts:diamond_golem_c":2,"minecraft:magma_cube":1,"minecraft:pig":13,"gamma_beasts:careyatros_a":1,"minecraft:sheep":14,"minecraft:zombie":9,"gamma_beasts:dogishi_a":1,"minecraft:blaze":5,"minecraft:cow":8,"iceandfire:fire_dragon":2,"iceandfire:cyclops":1,"gamma_beasts:diamond_golem_a":2,"iceandfire:ghost":2,"minecraft:wither_skeleton":7},"minecraft:crafted":{"minecraft:oak_planks":110,"gamma_beasts:red_maple_planks":12,"minecraft:cooked_chicken":1,"minecraft:cooked_mutton":5,"minecraft:glass":6,"minecraft:iron_boots":1,"sophisticatedbackpacks:copper_backpack":1,"minecraft:chest":3,"minecraft:glass_bottle":6,"sophisticatedbackpacks:backpack":1,"minecraft:cooked_porkchop":19,"minecraft:crafting_table":3,"minecraft:wooden_pickaxe":1,"minecraft:iron_helmet":1,"minecraft:copper_ingot":18,"minecraft:iron_chestplate":1,"minecraft:shield":2,"minecraft:stick":48,"minecraft:iron_pickaxe":1,"minecraft:iron_ingot":40,"minecraft:stone_sword":1,"minecraft:gold_ingot":10,"iceandfire:dragon_horn":1,"minecraft:stone_shovel":4,"vanillaplustools:stone_hammer":1,"minecraft:leather_boots":1,"iceandfire:dragonbone_sword_fire":1,"iceandfire:dragon_stick":1,"minecraft:furnace":2,"minecraft:flint_and_steel":1,"minecraft:stone_pickaxe":11,"sophisticatedbackpacks:iron_backpack":1,"minecraft:cooked_beef":15,"iceandfire:dragonbone_sword":1,"minecraft:crimson_planks":36,"iceandfire:dragon_meal":17,"minecraft:iron_sword":1,"sophisticatedbackpacks:gold_backpack":1,"minecraft:stone_axe":2,"minecraft:air":0,"minecraft:oak_boat":2,"minecraft:iron_shovel":1,"minecraft:iron_leggings":1,"minecraft:white_bed":1,"minecraft:torch":8},"minecraft:mined":{"gamma_beasts:roble_hoja_1":1,"minecraft:white_bed":13,"minecraft:sculk_vein":1,"gamma_beasts:spider_egg":1,"minecraft:granite":5,"minecraft:grass_block":264,"minecraft:soul_soil":15,"minecraft:nether_wart":60,"minecraft:weeping_vines_plant":1,"minecraft:magma_block":2,"minecraft:iron_ore":28,"minecraft:fire":42,"iceandfire:gold_pile":6,"minecraft:dirt_path":5,"minecraft:iron_bars":1,"minecraft:crimson_nylium":2,"minecraft:powder_snow":13,"iceandfire:ghost_chest":1,"minecraft:nether_quartz_ore":2,"minecraft:cobblestone":14,"minecraft:sugar_cane":4,"minecraft:wall_torch":1,"minecraft:pink_petals":4,"minecraft:skeleton_skull":1,"minecraft:nether_wart_block":8,"minecraft:wither_rose":1,"minecraft:grass":69,"minecraft:oak_log":110,"minecraft:sand":27,"minecraft:dirt":261,"minecraft:netherrack":284,"gamma_beasts:red_maple_log":3,"minecraft:oak_leaves":9,"minecraft:suspicious_gravel":2,"iceandfire:silver_ore":3,"minecraft:deepslate_diamond_ore":4,"gravestone:gravestone":78,"minecraft:nether_bricks":10,"minecraft:crimson_roots":4,"minecraft:crimson_stem":10,"iceandfire:chared_grass":1,"minecraft:large_fern":1,"minecraft:hay_block":82,"minecraft:furnace":14,"gamma_beasts:prehnite_ore":1,"minecraft:gold_block":2,"minecraft:nether_brick_fence":2,"minecraft:shroomlight":2,"minecraft:vine":1,"minecraft:stone":1867,"minecraft:bone_block":28,"gamma_beasts:abeto_hoja":3,"minecraft:soul_sand":7,"minecraft:oak_fence":1,"minecraft:crafting_table":25,"gamma_beasts:abeto_hoja_1":1,"minecraft:tall_grass":17,"minecraft:copper_ore":27,"minecraft:diorite":39,"gamma_beasts:abedul_hojas":3,"minecraft:birch_leaves":2,"gamma_beasts:thin_oak_log":13,"minecraft:coal_ore":26,"minecraft:gravel":26,"minecraft:cobweb":3,"minecraft:cracked_stone_bricks":1},"minecraft:used":{"minecraft:iron_shovel":284,"minecraft:chest":2,"minecraft:shield":104,"minecraft:iron_sword":502,"minecraft:rotten_flesh":3,"minecraft:iron_chestplate":1,"minecraft:carrot":1,"minecraft:obsidian":17,"gamma_beasts:pear":9,"minecraft:magma_block":2,"minecraft:bow":19,"gamma_beasts:red_maple_planks":9,"minecraft:oak_sapling":11,"minecraft:furnace":13,"minecraft:egg":1,"minecraft:diorite":6,"minecraft:stone_pickaxe":266,"minecraft:oak_planks":15,"minecraft:wooden_pickaxe":10,"minecraft:sand":9,"minecraft:dripstone_block":1,"gamma_beasts:blackberry":9,"minecraft:oak_boat":2,"minecraft:flint_and_steel":6,"minecraft:stone_shovel":267,"gamma_beasts:green_apple":9,"vanillaplustools:stone_hammer":234,"minecraft:netherrack":243,"minecraft:torch":69,"minecraft:dirt":248,"minecraft:anvil":1,"minecraft:granite":5,"minecraft:shroomlight":1,"minecraft:iron_axe":109,"minecraft:golden_carrot":2,"iceandfire:dragonegg_gray":1,"minecraft:cooked_beef":13,"minecraft:cooked_mutton":6,"minecraft:water_bucket":21,"minecraft:crafting_table":25,"minecraft:white_bed":14,"minecraft:apple":2,"iceandfire:dragonbone_sword_fire":157,"iceandfire:dragonbone_bow":1,"minecraft:iron_pickaxe":336,"iceandfire:dragon_horn":2,"iceandfire:ash":1,"gamma_beasts:cooked_bird_thigh":1,"minecraft:stone_axe":129,"minecraft:pink_petals":2,"minecraft:cobblestone":107,"minecraft:porkchop":1,"minecraft:cooked_porkchop":48,"iceandfire:chared_grass":1,"minecraft:bucket":11,"minecraft:splash_potion":4},"minecraft:picked_up":{"gamma_beasts:thin_oak_log":14,"minecraft:chainmail_boots":1,"minecraft:nether_brick_fence":2,"gamma_beasts:fur":13,"minecraft:enchanted_book":1,"minecraft:string":8,"minecraft:soul_soil":15,"minecraft:raw_copper":103,"minecraft:shroomlight":2,"minecraft:gold_nugget":142,"minecraft:cobbled_deepslate":1,"minecraft:iron_pickaxe":1,"iceandfire:dragonscales_red":109,"minecraft:furnace":14,"minecraft:iron_boots":1,"iceandfire:ghost_chest":1,"minecraft:stick":15,"minecraft:oak_fence":1,"minecraft:torch":2,"minecraft:porkchop":34,"minecraft:diorite":40,"minecraft:rotten_flesh":12,"iceandfire:fire_dragon_heart":7,"gamma_beasts:coal_nugget":5,"minecraft:blaze_rod":3,"minecraft:obsidian":3,"minecraft:cobblestone":1792,"gamma_beasts:pear":9,"minecraft:pink_petals":36,"minecraft:magma_block":2,"minecraft:feather":2,"gamma_beasts:cooked_bird_thigh":1,"gamma_beasts:prehnite":1,"minecraft:flint":7,"gamma_beasts:oak_leaf":11,"minecraft:dirt":634,"iceandfire:dragonscales_bronze":54,"minecraft:glass":2,"minecraft:bone":19,"minecraft:wheat_seeds":23,"minecraft:oak_planks":3,"minecraft:ghast_tear":1,"minecraft:cooked_porkchop":12,"iceandfire:dragon_skull_fire":6,"minecraft:sand":79,"minecraft:fermented_spider_eye":1,"minecraft:spectral_arrow":22,"minecraft:diamond":9,"minecraft:deepslate":3,"minecraft:granite":5,"minecraft:chainmail_helmet":1,"minecraft:oak_sapling":11,"minecraft:netherrack":246,"minecraft:crimson_roots":1,"iceandfire:raw_silver":2,"minecraft:crafting_table":24,"iceandfire:witherbone":1,"minecraft:chicken":1,"minecraft:nether_wart":60,"minecraft:gold_block":2,"gravestone:obituary":37,"minecraft:cornflower":2,"minecraft:beef":15,"minecraft:oak_boat":1,"gamma_beasts:red_maple_log":3,"minecraft:poppy":1,"minecraft:sugar_cane":9,"minecraft:egg":4,"minecraft:raw_iron":34,"iceandfire:dragonscales_green":43,"iceandfire:dragonbone":88,"iceandfire:dragonscales_gray":21,"iceandfire:chared_grass":1,"minecraft:fire_charge":1,"minecraft:carrot":1,"iceandfire:cyclops_eye":2,"minecraft:arrow":6,"minecraft:nether_bricks":6,"minecraft:hay_block":83,"minecraft:gold_ingot":5,"minecraft:mutton":37,"minecraft:bone_block":29,"minecraft:skeleton_skull":1,"minecraft:white_wool":13,"iceandfire:dragonegg_green":1,"minecraft:basalt":1,"minecraft:crimson_stem":9,"minecraft:leather":33,"gamma_beasts:bird_thigh":2,"gamma_beasts:green_apple":12,"minecraft:oak_log":113,"minecraft:chainmail_chestplate":1,"iceandfire:ectoplasm":4,"minecraft:nether_wart_block":8,"iceandfire:dragonegg_gray":1,"minecraft:gunpowder":2,"minecraft:apple":2,"minecraft:kelp":7,"minecraft:iron_ingot":5,"minecraft:stone_pickaxe":1,"iceandfire:fire_dragon_flesh":19,"minecraft:soul_sand":11,"minecraft:quartz":20,"iceandfire:ash":1,"minecraft:dandelion":3,"minecraft:dripstone_block":1,"minecraft:gravel":44,"minecraft:white_bed":13,"gamma_beasts:blackberry":9,"minecraft:spider_eye":1,"gamma_beasts:spruce_leaf":1,"vanillaplustools:stone_hammer":1,"gamma_beasts:salmon_steak":4,"minecraft:black_wool":1,"minecraft:coal":32},"minecraft:custom":{"minecraft:interact_with_crafting_table":59,"minecraft:leave_game":8,"minecraft:time_since_death":3867,"minecraft:sprint_one_cm":1116707,"minecraft:damage_blocked_by_shield":1995,"minecraft:drop":244,"minecraft:talked_to_villager":1,"minecraft:play_time":414961,"minecraft:deaths":81,"minecraft:jump":8747,"minecraft:walk_on_water_one_cm":58883,"minecraft:interact_with_furnace":85,"minecraft:sleep_in_bed":14,"minecraft:damage_dealt":26497,"minecraft:player_kills":4,"minecraft:crouch_one_cm":110379,"minecraft:mob_kills":81,"minecraft:interact_with_anvil":1,"minecraft:damage_dealt_resisted":32,"minecraft:climb_one_cm":202,"minecraft:walk_one_cm":622185,"minecraft:damage_dealt_absorbed":17,"minecraft:sneak_time":35730,"minecraft:walk_under_water_one_cm":32034,"minecraft:boat_one_cm":246839,"minecraft:total_world_time":414961,"minecraft:time_since_rest":3899,"minecraft:damage_taken":27330,"minecraft:trigger_trapped_chest":2,"minecraft:swim_one_cm":80549,"minecraft:fly_one_cm":2671245,"minecraft:open_chest":79,"minecraft:fall_one_cm":276288},"minecraft:killed_by":{"iceandfire:cyclops":5,"minecraft:blaze":1,"minecraft:zombie":9,"gamma_beasts:diamond_golem_a":4,"iceandfire:fire_dragon":45,"minecraft:player":4,"gamma_beasts:dogishi_a":1,"minecraft:skeleton":3,"gamma_beasts:sppinto_a":1,"iceandfire:ghost":1},"minecraft:broken":{"minecraft:iron_shovel":1,"minecraft:iron_boots":2,"minecraft:iron_chestplate":2,"minecraft:iron_leggings":2,"minecraft:stone_pickaxe":2,"minecraft:stone_axe":1,"minecraft:iron_sword":1,"minecraft:stone_shovel":1,"minecraft:shield":1,"vanillaplustools:stone_hammer":1,"minecraft:iron_helmet":2}},"DataVersion":3465}