{"stats":{"minecraft:used":{"minecraft:dirt":1,"gamma_beasts:red_maple_planks":4},"minecraft:crafted":{"gamma_beasts:red_maple_planks":4},"minecraft:mined":{"minecraft:grass_block":2,"gamma_beasts:red_maple_log":1},"minecraft:picked_up":{"gamma_beasts:red_maple_log":1,"minecraft:dirt":1},"minecraft:killed_by":{"minecraft:zombie":2},"minecraft:custom":{"minecraft:jump":33,"minecraft:time_since_rest":2135,"minecraft:crouch_one_cm":249,"minecraft:deaths":2,"minecraft:sprint_one_cm":2689,"minecraft:play_time":3865,"minecraft:damage_taken":585,"minecraft:time_since_death":2100,"minecraft:walk_one_cm":1596,"minecraft:sneak_time":245,"minecraft:total_world_time":3865,"minecraft:fall_one_cm":418,"minecraft:fly_one_cm":5738}},"DataVersion":3465}