{"stats":{"minecraft:dropped":{"iceandfire:raw_silver":1,"minecraft:soul_sand":7,"minecraft:oak_log":2,"minecraft:glass_bottle":1,"minecraft:crafting_table":1,"minecraft:cooked_porkchop":64,"minecraft:leather":5,"iceandfire:ectoplasm":1,"minecraft:flint":5,"minecraft:dirt":88,"minecraft:cornflower":2,"minecraft:crimson_roots":1,"iceandfire:dragonegg_green":1,"gravestone:obituary":120,"minecraft:gold_nugget":16,"minecraft:sand":69,"iceandfire:fire_dragon_blood":1,"minecraft:fermented_spider_eye":1,"minecraft:white_wool":9,"minecraft:gold_ingot":9,"minecraft:gravel":40,"minecraft:cobbled_deepslate":1,"minecraft:rotten_flesh":10,"minecraft:oak_planks":4,"gamma_beasts:thin_oak_log":1,"minecraft:chainmail_chestplate":1,"minecraft:gunpowder":2,"minecraft:leather_boots":1,"minecraft:chainmail_boots":1,"iceandfire:dragon_meal":64,"minecraft:basalt":1,"minecraft:arrow":5,"minecraft:glass":2,"minecraft:ghast_tear":1,"minecraft:quartz":20,"minecraft:netherrack":1,"gamma_beasts:fur":2,"minecraft:egg":1,"minecraft:iron_ingot":9,"minecraft:wheat_seeds":23,"gamma_beasts:oak_leaf":10,"gamma_beasts:coal_nugget":4,"minecraft:feather":2,"minecraft:cobblestone":12,"iceandfire:cyclops_eye":1,"minecraft:chainmail_helmet":1,"minecraft:coal":18,"minecraft:stick":2,"minecraft:cobweb":7,"minecraft:torch":3,"gamma_beasts:spruce_leaf":1,"minecraft:nether_wart_block":8,"minecraft:string":1,"minecraft:pink_petals":34,"minecraft:dandelion":1,"minecraft:furnace":1,"minecraft:soul_soil":16,"minecraft:stone_sword":1,"minecraft:raw_copper":4,"minecraft:deepslate":3,"minecraft:iron_boots":1,"minecraft:nether_bricks":6,"minecraft:filled_map":2,"minecraft:shield":1,"minecraft:oak_boat":1,"minecraft:spider_eye":1,"minecraft:stone_pickaxe":1,"minecraft:black_wool":1},"minecraft:killed":{"minecraft:spider":4,"minecraft:skeleton":7,"minecraft:bee":1,"minecraft:chicken":2,"gamma_beasts:diamond_golem_c":2,"minecraft:magma_cube":1,"minecraft:pig":13,"gamma_beasts:careyatros_a":1,"minecraft:sheep":14,"minecraft:trader_llama":2,"minecraft:zombie":9,"gamma_beasts:dogishi_a":1,"minecraft:blaze":5,"minecraft:cow":8,"iceandfire:fire_dragon":2,"iceandfire:cyclops":1,"minecraft:wandering_trader":1,"gamma_beasts:diamond_golem_a":2,"iceandfire:ghost":2,"minecraft:wither_skeleton":7},"minecraft:crafted":{"minecraft:oak_planks":832,"gamma_beasts:red_maple_planks":12,"minecraft:cooked_chicken":1,"minecraft:cooked_mutton":5,"minecraft:glass":6,"minecraft:iron_boots":2,"sophisticatedbackpacks:copper_backpack":1,"minecraft:chest":3,"minecraft:glass_bottle":6,"minecraft:oak_slab":252,"sophisticatedbackpacks:backpack":1,"minecraft:cooked_porkchop":19,"minecraft:crafting_table":4,"minecraft:spruce_planks":320,"minecraft:wooden_pickaxe":1,"minecraft:iron_helmet":2,"minecraft:copper_ingot":18,"minecraft:spruce_trapdoor":8,"minecraft:iron_chestplate":1,"minecraft:shield":3,"minecraft:stick":52,"minecraft:iron_pickaxe":1,"minecraft:iron_ingot":40,"minecraft:stone_sword":1,"minecraft:gold_ingot":10,"iceandfire:dragon_horn":1,"minecraft:stone_shovel":6,"vanillaplustools:stone_hammer":1,"minecraft:leather_boots":1,"iceandfire:dragonbone_sword_fire":1,"iceandfire:dragon_stick":1,"minecraft:furnace":2,"minecraft:flint_and_steel":1,"minecraft:stone_pickaxe":12,"sophisticatedbackpacks:iron_backpack":1,"minecraft:cooked_beef":15,"iceandfire:dragonbone_sword":1,"minecraft:crimson_planks":36,"iceandfire:dragon_meal":21,"minecraft:iron_sword":1,"sophisticatedbackpacks:gold_backpack":1,"minecraft:stone_axe":2,"minecraft:air":0,"minecraft:oak_boat":2,"minecraft:oak_stairs":116,"minecraft:iron_shovel":1,"minecraft:iron_leggings":2,"minecraft:white_bed":1,"minecraft:torch":8},"minecraft:mined":{"minecraft:spruce_planks":14,"gamma_beasts:roble_hoja_1":1,"minecraft:white_bed":17,"minecraft:sculk_vein":1,"gamma_beasts:spider_egg":1,"minecraft:spruce_trapdoor":4,"minecraft:granite":5,"minecraft:grass_block":619,"minecraft:soul_soil":16,"minecraft:nether_wart":60,"minecraft:weeping_vines_plant":1,"minecraft:magma_block":2,"minecraft:iron_ore":28,"minecraft:fire":58,"iceandfire:gold_pile":6,"minecraft:dirt_path":48,"minecraft:oak_stairs":19,"minecraft:iron_bars":1,"minecraft:crimson_nylium":2,"minecraft:powder_snow":13,"iceandfire:ghost_chest":1,"minecraft:nether_quartz_ore":2,"minecraft:cobblestone":27,"minecraft:sugar_cane":4,"minecraft:oak_planks":36,"minecraft:wall_torch":1,"minecraft:pink_petals":4,"minecraft:skeleton_skull":1,"minecraft:nether_wart_block":8,"minecraft:wither_rose":1,"minecraft:grass":97,"minecraft:oak_log":140,"minecraft:sand":27,"minecraft:dirt":497,"minecraft:netherrack":293,"gamma_beasts:red_maple_log":3,"minecraft:oak_leaves":11,"minecraft:suspicious_gravel":2,"iceandfire:silver_ore":3,"minecraft:deepslate_diamond_ore":4,"gravestone:gravestone":82,"minecraft:nether_bricks":10,"minecraft:crimson_roots":4,"minecraft:crimson_stem":10,"iceandfire:chared_grass":1,"minecraft:large_fern":1,"minecraft:hay_block":82,"minecraft:furnace":14,"gamma_beasts:prehnite_ore":1,"minecraft:gold_block":2,"minecraft:nether_brick_fence":2,"minecraft:shroomlight":2,"minecraft:vine":1,"minecraft:stone":1956,"minecraft:bone_block":28,"minecraft:oak_slab":25,"gamma_beasts:abeto_hoja":3,"minecraft:soul_sand":7,"minecraft:oak_fence":1,"minecraft:crafting_table":26,"gamma_beasts:abeto_hoja_1":1,"minecraft:tall_grass":22,"minecraft:copper_ore":27,"minecraft:diorite":39,"gamma_beasts:abedul_hojas":3,"minecraft:birch_leaves":2,"gamma_beasts:thin_oak_log":16,"minecraft:coal_ore":26,"minecraft:gravel":26,"minecraft:cobweb":3,"minecraft:cracked_stone_bricks":1},"minecraft:used":{"minecraft:iron_shovel":378,"minecraft:chest":4,"minecraft:shield":106,"minecraft:iron_sword":526,"minecraft:rotten_flesh":3,"minecraft:iron_chestplate":2,"minecraft:carrot":1,"minecraft:obsidian":17,"gamma_beasts:pear":9,"minecraft:magma_block":2,"minecraft:bow":33,"gamma_beasts:red_maple_planks":9,"minecraft:oak_sapling":17,"minecraft:furnace":13,"minecraft:egg":1,"minecraft:diorite":6,"minecraft:oak_planks":461,"minecraft:stone_pickaxe":299,"minecraft:wooden_pickaxe":10,"minecraft:sand":9,"gamma_beasts:blackberry":9,"minecraft:dripstone_block":1,"minecraft:oak_boat":2,"minecraft:oak_fence":1,"minecraft:flint_and_steel":6,"minecraft:stone_shovel":810,"minecraft:spruce_planks":309,"gamma_beasts:green_apple":9,"vanillaplustools:stone_hammer":234,"minecraft:netherrack":250,"minecraft:torch":69,"minecraft:dirt":307,"minecraft:anvil":1,"minecraft:granite":5,"minecraft:shroomlight":1,"minecraft:iron_axe":248,"minecraft:oak_stairs":135,"minecraft:golden_carrot":10,"iceandfire:dragonegg_gray":1,"minecraft:cooked_beef":13,"minecraft:cooked_mutton":6,"minecraft:water_bucket":21,"minecraft:oak_slab":273,"minecraft:crafting_table":27,"minecraft:white_bed":19,"minecraft:spruce_log":66,"minecraft:apple":2,"iceandfire:dragonbone_sword_fire":160,"iceandfire:dragonbone_bow":1,"minecraft:iron_pickaxe":418,"iceandfire:dragon_horn":10,"minecraft:spruce_trapdoor":12,"iceandfire:ash":4,"gamma_beasts:cooked_bird_thigh":1,"minecraft:stone_axe":129,"minecraft:pink_petals":2,"minecraft:cobblestone":230,"minecraft:porkchop":1,"minecraft:cooked_porkchop":49,"iceandfire:chared_grass":1,"minecraft:bucket":11,"minecraft:splash_potion":4},"minecraft:picked_up":{"gamma_beasts:thin_oak_log":17,"minecraft:chainmail_boots":1,"minecraft:nether_brick_fence":2,"gamma_beasts:fur":13,"minecraft:lead":2,"minecraft:oak_stairs":19,"minecraft:enchanted_book":1,"minecraft:string":8,"minecraft:soul_soil":16,"minecraft:raw_copper":103,"minecraft:shroomlight":2,"minecraft:gold_nugget":142,"minecraft:cobbled_deepslate":1,"minecraft:spruce_planks":14,"minecraft:iron_pickaxe":1,"iceandfire:dragonscales_red":120,"minecraft:furnace":14,"minecraft:iron_boots":1,"minecraft:stick":23,"iceandfire:ghost_chest":1,"minecraft:oak_fence":1,"minecraft:torch":2,"vanillaplustools:iron_shovel":1,"minecraft:porkchop":34,"minecraft:diorite":40,"minecraft:rotten_flesh":12,"iceandfire:fire_dragon_heart":8,"gamma_beasts:coal_nugget":5,"minecraft:blaze_rod":3,"minecraft:obsidian":3,"minecraft:cobblestone":1894,"gamma_beasts:pear":9,"minecraft:pink_petals":36,"minecraft:magma_block":2,"minecraft:feather":2,"gamma_beasts:cooked_bird_thigh":1,"gamma_beasts:prehnite":1,"minecraft:flint":7,"gamma_beasts:oak_leaf":14,"minecraft:dirt":1264,"iceandfire:dragonscales_bronze":54,"minecraft:glass":2,"minecraft:bone":22,"minecraft:bow":1,"minecraft:wheat_seeds":33,"iceandfire:dragon_meal":9,"minecraft:oak_planks":39,"minecraft:ghast_tear":1,"minecraft:cooked_porkchop":12,"iceandfire:dragon_skull_fire":7,"minecraft:sand":79,"minecraft:fermented_spider_eye":1,"minecraft:spectral_arrow":22,"minecraft:diamond":9,"minecraft:deepslate":3,"minecraft:granite":5,"minecraft:chainmail_helmet":1,"minecraft:oak_sapling":17,"minecraft:netherrack":255,"minecraft:crimson_roots":1,"iceandfire:raw_silver":2,"minecraft:crafting_table":25,"iceandfire:witherbone":1,"minecraft:chicken":1,"minecraft:nether_wart":60,"minecraft:gold_block":2,"gravestone:obituary":38,"minecraft:cornflower":2,"minecraft:iron_shovel":1,"minecraft:beef":15,"minecraft:oak_boat":1,"gamma_beasts:red_maple_log":3,"minecraft:poppy":1,"minecraft:sugar_cane":9,"minecraft:spruce_trapdoor":4,"minecraft:egg":4,"minecraft:raw_iron":34,"iceandfire:dragonbone":97,"iceandfire:dragonscales_gray":21,"iceandfire:dragonscales_green":43,"iceandfire:chared_grass":1,"minecraft:fire_charge":1,"minecraft:carrot":1,"iceandfire:cyclops_eye":2,"minecraft:arrow":6,"minecraft:nether_bricks":6,"minecraft:hay_block":83,"minecraft:gold_ingot":5,"minecraft:mutton":37,"minecraft:bone_block":29,"minecraft:skeleton_skull":1,"minecraft:white_wool":13,"iceandfire:dragonegg_green":1,"minecraft:basalt":1,"minecraft:crimson_stem":9,"minecraft:leather":33,"gamma_beasts:bird_thigh":2,"minecraft:oak_log":143,"gamma_beasts:green_apple":15,"minecraft:chainmail_chestplate":1,"iceandfire:ectoplasm":4,"iceandfire:dragonegg_gray":1,"minecraft:nether_wart_block":8,"minecraft:gunpowder":2,"minecraft:apple":3,"minecraft:kelp":7,"minecraft:iron_ingot":34,"minecraft:stone_pickaxe":1,"iceandfire:fire_dragon_flesh":25,"minecraft:soul_sand":11,"minecraft:oak_slab":30,"iceandfire:ash":4,"minecraft:quartz":20,"minecraft:dandelion":3,"minecraft:dripstone_block":1,"minecraft:gravel":44,"minecraft:white_bed":17,"minecraft:spruce_log":174,"gamma_beasts:blackberry":9,"minecraft:spider_eye":1,"gamma_beasts:spruce_leaf":1,"vanillaplustools:stone_hammer":1,"gamma_beasts:salmon_steak":4,"minecraft:black_wool":1,"minecraft:coal":32},"minecraft:custom":{"minecraft:interact_with_crafting_table":84,"minecraft:leave_game":11,"minecraft:time_since_death":1561,"minecraft:sprint_one_cm":1282761,"minecraft:damage_blocked_by_shield":2130,"minecraft:drop":255,"minecraft:talked_to_villager":1,"minecraft:play_time":494925,"minecraft:deaths":85,"minecraft:jump":9899,"minecraft:walk_on_water_one_cm":62443,"minecraft:interact_with_furnace":85,"minecraft:sleep_in_bed":19,"minecraft:damage_dealt":27995,"minecraft:player_kills":4,"minecraft:crouch_one_cm":154871,"minecraft:mob_kills":87,"minecraft:interact_with_anvil":1,"minecraft:damage_dealt_resisted":32,"minecraft:climb_one_cm":202,"minecraft:walk_one_cm":807329,"minecraft:damage_dealt_absorbed":17,"minecraft:sneak_time":48436,"minecraft:walk_under_water_one_cm":32436,"minecraft:boat_one_cm":246839,"minecraft:total_world_time":494925,"minecraft:time_since_rest":1588,"minecraft:damage_taken":28963,"minecraft:trigger_trapped_chest":2,"minecraft:swim_one_cm":85046,"minecraft:fly_one_cm":2895018,"minecraft:open_chest":105,"minecraft:fall_one_cm":316269},"minecraft:killed_by":{"iceandfire:cyclops":5,"minecraft:blaze":1,"minecraft:zombie":9,"gamma_beasts:diamond_golem_a":4,"iceandfire:fire_dragon":46,"minecraft:player":5,"gamma_beasts:dogishi_a":1,"minecraft:skeleton":3,"gamma_beasts:sppinto_a":1,"iceandfire:ghost":1},"minecraft:broken":{"minecraft:iron_shovel":1,"minecraft:iron_boots":2,"minecraft:iron_chestplate":2,"minecraft:iron_leggings":2,"minecraft:stone_pickaxe":2,"minecraft:stone_axe":1,"minecraft:iron_sword":1,"minecraft:stone_shovel":6,"minecraft:shield":1,"vanillaplustools:stone_hammer":1,"minecraft:iron_axe":1,"minecraft:iron_pickaxe":1,"minecraft:iron_helmet":2}},"DataVersion":3465}