{"stats":{"minecraft:killed":{"minecraft:spider":1},"minecraft:used":{"minecraft:stone_pickaxe":3,"minecraft:oak_planks":6,"minecraft:wooden_pickaxe":10,"minecraft:dirt":10,"minecraft:crafting_table":1,"gamma_beasts:red_maple_planks":9,"minecraft:carrot":1},"minecraft:crafted":{"minecraft:oak_planks":38,"gamma_beasts:red_maple_planks":12,"minecraft:crafting_table":1,"minecraft:stick":8,"minecraft:wooden_pickaxe":1,"minecraft:stone_pickaxe":1},"minecraft:dropped":{"gravestone:obituary":12},"minecraft:mined":{"gravestone:gravestone":11,"gamma_beasts:thin_oak_log":3,"minecraft:grass":3,"minecraft:grass_block":10,"minecraft:oak_log":8,"minecraft:dirt":11,"minecraft:tall_grass":1,"minecraft:stone":6,"gamma_beasts:red_maple_log":3,"minecraft:oak_leaves":1},"minecraft:picked_up":{"gamma_beasts:thin_oak_log":3,"minecraft:oak_log":8,"gravestone:obituary":2,"minecraft:carrot":1,"minecraft:dirt":20,"minecraft:rotten_flesh":2,"gamma_beasts:red_maple_log":3,"minecraft:iron_pickaxe":1,"minecraft:cobblestone":6},"minecraft:killed_by":{"minecraft:zombie":4},"minecraft:custom":{"minecraft:time_since_rest":5546,"minecraft:sprint_one_cm":56482,"minecraft:damage_taken":1025,"minecraft:walk_one_cm":22474,"minecraft:mob_kills":1,"minecraft:drop":12,"minecraft:damage_dealt":205,"minecraft:swim_one_cm":7394,"minecraft:interact_with_crafting_table":4,"minecraft:fly_one_cm":95286,"minecraft:crouch_one_cm":2669,"minecraft:play_time":21667,"minecraft:deaths":4,"minecraft:sneak_time":1472,"minecraft:walk_under_water_one_cm":2180,"minecraft:jump":456,"minecraft:leave_game":2,"minecraft:time_since_death":5513,"minecraft:walk_on_water_one_cm":1618,"minecraft:total_world_time":21667,"minecraft:fall_one_cm":12899}},"DataVersion":3465}