{"stats":{"minecraft:used":{"minecraft:iron_shovel":33,"minecraft:shield":81,"gamma_beasts:green_apple":9,"minecraft:iron_sword":213,"minecraft:rotten_flesh":3,"minecraft:netherrack":2,"minecraft:torch":3,"minecraft:dirt":29,"minecraft:carrot":1,"minecraft:granite":5,"minecraft:obsidian":2,"minecraft:magma_block":2,"gamma_beasts:red_maple_planks":9,"minecraft:furnace":11,"minecraft:cooked_beef":12,"minecraft:cooked_mutton":5,"minecraft:diorite":6,"minecraft:oak_planks":12,"minecraft:stone_pickaxe":186,"minecraft:wooden_pickaxe":10,"minecraft:sand":9,"minecraft:crafting_table":21,"minecraft:white_bed":5,"gamma_beasts:blackberry":2,"minecraft:iron_pickaxe":11,"gamma_beasts:cooked_bird_thigh":1,"minecraft:stone_axe":112,"minecraft:pink_petals":2,"minecraft:cobblestone":78,"minecraft:porkchop":1,"minecraft:cooked_porkchop":11,"iceandfire:chared_grass":1,"minecraft:oak_boat":2},"minecraft:broken":{"minecraft:iron_boots":1,"minecraft:iron_leggings":1,"minecraft:stone_pickaxe":1,"minecraft:shield":1,"minecraft:stone_axe":1,"minecraft:iron_helmet":1},"minecraft:killed_by":{"minecraft:player":1,"gamma_beasts:dogishi_a":1,"minecraft:skeleton":3,"minecraft:zombie":9,"iceandfire:ghost":1,"gamma_beasts:diamond_golem_a":4,"iceandfire:fire_dragon":9},"minecraft:killed":{"minecraft:spider":4,"minecraft:skeleton":4,"iceandfire:fire_dragon":1,"minecraft:bee":1,"minecraft:chicken":2,"gamma_beasts:diamond_golem_c":1,"minecraft:pig":10,"gamma_beasts:careyatros_a":1,"minecraft:sheep":4,"gamma_beasts:diamond_golem_a":1,"minecraft:zombie":9,"iceandfire:ghost":2,"gamma_beasts:dogishi_a":1,"minecraft:cow":8},"minecraft:mined":{"minecraft:white_bed":5,"gamma_beasts:roble_hoja_1":1,"iceandfire:silver_ore":1,"gamma_beasts:spider_egg":1,"gravestone:gravestone":40,"minecraft:granite":5,"minecraft:grass_block":15,"minecraft:crimson_roots":4,"iceandfire:chared_grass":1,"minecraft:large_fern":1,"minecraft:magma_block":2,"minecraft:furnace":12,"minecraft:iron_ore":27,"minecraft:fire":7,"gamma_beasts:prehnite_ore":1,"minecraft:gold_block":1,"iceandfire:gold_pile":6,"minecraft:vine":1,"minecraft:iron_bars":1,"minecraft:stone":104,"gamma_beasts:abeto_hoja":3,"minecraft:crimson_nylium":2,"minecraft:powder_snow":13,"minecraft:crafting_table":22,"gamma_beasts:abeto_hoja_1":1,"iceandfire:ghost_chest":1,"minecraft:copper_ore":7,"minecraft:tall_grass":8,"minecraft:cobblestone":3,"minecraft:sugar_cane":4,"minecraft:diorite":5,"minecraft:skeleton_skull":1,"minecraft:pink_petals":4,"gamma_beasts:abedul_hojas":3,"minecraft:nether_wart_block":1,"minecraft:birch_leaves":2,"minecraft:wither_rose":1,"gamma_beasts:thin_oak_log":13,"minecraft:grass":19,"minecraft:oak_log":19,"minecraft:coal_ore":11,"minecraft:gravel":9,"minecraft:sand":27,"minecraft:dirt":15,"minecraft:cobweb":3,"minecraft:cracked_stone_bricks":1,"gamma_beasts:red_maple_log":3,"minecraft:netherrack":5,"minecraft:oak_leaves":3,"minecraft:suspicious_gravel":2},"minecraft:custom":{"minecraft:mob_kills":50,"minecraft:interact_with_crafting_table":39,"minecraft:damage_dealt_resisted":32,"minecraft:leave_game":6,"minecraft:time_since_death":3431,"minecraft:climb_one_cm":202,"minecraft:sprint_one_cm":526615,"minecraft:walk_one_cm":284092,"minecraft:damage_blocked_by_shield":1600,"minecraft:drop":110,"minecraft:damage_dealt_absorbed":17,"minecraft:play_time":180927,"minecraft:sneak_time":13381,"minecraft:deaths":33,"minecraft:walk_under_water_one_cm":11719,"minecraft:boat_one_cm":246839,"minecraft:jump":4403,"minecraft:walk_on_water_one_cm":20226,"minecraft:total_world_time":180927,"minecraft:interact_with_furnace":77,"minecraft:sleep_in_bed":3,"minecraft:time_since_rest":3461,"minecraft:damage_taken":11397,"minecraft:trigger_trapped_chest":2,"minecraft:damage_dealt":11827,"minecraft:player_kills":2,"minecraft:swim_one_cm":46566,"minecraft:fly_one_cm":860423,"minecraft:crouch_one_cm":32899,"minecraft:open_chest":22,"minecraft:fall_one_cm":134764},"minecraft:crafted":{"minecraft:oak_planks":102,"gamma_beasts:red_maple_planks":12,"minecraft:leather_boots":1,"minecraft:cooked_chicken":1,"iceandfire:dragon_stick":1,"minecraft:furnace":2,"minecraft:cooked_mutton":5,"minecraft:glass":6,"minecraft:iron_boots":1,"sophisticatedbackpacks:copper_backpack":1,"minecraft:stone_pickaxe":2,"minecraft:chest":1,"sophisticatedbackpacks:iron_backpack":1,"minecraft:cooked_beef":12,"minecraft:glass_bottle":6,"sophisticatedbackpacks:backpack":1,"minecraft:cooked_porkchop":12,"minecraft:crafting_table":1,"minecraft:wooden_pickaxe":1,"minecraft:iron_helmet":1,"minecraft:iron_sword":1,"minecraft:copper_ingot":18,"sophisticatedbackpacks:gold_backpack":1,"minecraft:stone_axe":2,"minecraft:air":0,"minecraft:oak_boat":2,"minecraft:iron_chestplate":1,"minecraft:shield":2,"minecraft:stick":20,"minecraft:iron_ingot":40,"minecraft:iron_pickaxe":1,"minecraft:stone_sword":1,"minecraft:iron_leggings":1,"minecraft:iron_shovel":1,"minecraft:gold_ingot":10,"minecraft:white_bed":1,"minecraft:torch":4},"minecraft:picked_up":{"gamma_beasts:thin_oak_log":13,"minecraft:crafting_table":22,"minecraft:chainmail_boots":1,"minecraft:chicken":1,"gamma_beasts:fur":7,"minecraft:gold_block":1,"gravestone:obituary":13,"minecraft:string":8,"minecraft:raw_copper":30,"minecraft:gold_nugget":94,"minecraft:beef":15,"minecraft:oak_boat":1,"gamma_beasts:red_maple_log":3,"minecraft:iron_pickaxe":1,"minecraft:sugar_cane":9,"minecraft:furnace":12,"minecraft:iron_boots":1,"minecraft:egg":2,"minecraft:stick":2,"minecraft:raw_iron":33,"iceandfire:dragonbone":19,"iceandfire:ghost_chest":1,"iceandfire:chared_grass":1,"minecraft:porkchop":27,"minecraft:diorite":6,"minecraft:carrot":1,"minecraft:arrow":3,"minecraft:rotten_flesh":12,"iceandfire:fire_dragon_heart":1,"gamma_beasts:coal_nugget":4,"minecraft:mutton":5,"minecraft:skeleton_skull":1,"minecraft:white_wool":3,"minecraft:cobblestone":108,"gamma_beasts:pear":9,"minecraft:pink_petals":36,"minecraft:magma_block":2,"minecraft:feather":2,"minecraft:basalt":1,"gamma_beasts:cooked_bird_thigh":1,"minecraft:leather":13,"gamma_beasts:prehnite":1,"minecraft:flint":5,"minecraft:oak_log":19,"gamma_beasts:green_apple":9,"minecraft:chainmail_chestplate":1,"iceandfire:ectoplasm":4,"minecraft:nether_wart_block":1,"minecraft:dirt":32,"iceandfire:dragonscales_bronze":21,"minecraft:glass":2,"minecraft:bone":11,"minecraft:kelp":7,"minecraft:wheat_seeds":5,"minecraft:iron_ingot":5,"minecraft:stone_pickaxe":1,"minecraft:oak_planks":3,"minecraft:gravel":4,"iceandfire:dragon_skull_fire":1,"minecraft:sand":78,"minecraft:white_bed":5,"minecraft:fermented_spider_eye":1,"gamma_beasts:blackberry":9,"minecraft:spider_eye":1,"gamma_beasts:spruce_leaf":1,"minecraft:diamond":3,"minecraft:deepslate":1,"minecraft:granite":5,"minecraft:chainmail_helmet":1,"gamma_beasts:salmon_steak":4,"minecraft:netherrack":2,"minecraft:coal":23,"minecraft:crimson_roots":1,"iceandfire:raw_silver":1},"minecraft:dropped":{"minecraft:iron_ingot":9,"iceandfire:raw_silver":1,"minecraft:wheat_seeds":4,"minecraft:glass_bottle":1,"minecraft:crafting_table":1,"gamma_beasts:coal_nugget":4,"minecraft:feather":2,"minecraft:leather":5,"iceandfire:ectoplasm":1,"minecraft:chainmail_helmet":1,"minecraft:coal":18,"minecraft:flint":5,"minecraft:stick":2,"minecraft:cobweb":6,"minecraft:dirt":4,"minecraft:torch":1,"gamma_beasts:spruce_leaf":1,"minecraft:crimson_roots":1,"minecraft:nether_wart_block":1,"gravestone:obituary":49,"minecraft:gold_nugget":4,"minecraft:sand":68,"iceandfire:fire_dragon_blood":1,"minecraft:pink_petals":34,"minecraft:string":1,"minecraft:fermented_spider_eye":1,"minecraft:furnace":1,"minecraft:stone_sword":1,"minecraft:raw_copper":4,"minecraft:deepslate":1,"minecraft:rotten_flesh":10,"minecraft:oak_planks":4,"minecraft:iron_boots":1,"minecraft:chainmail_chestplate":1,"minecraft:filled_map":2,"minecraft:leather_boots":1,"minecraft:oak_boat":1,"minecraft:chainmail_boots":1,"minecraft:spider_eye":1,"minecraft:basalt":1,"minecraft:glass":2,"minecraft:stone_pickaxe":1}},"DataVersion":3465}