{"stats":{"minecraft:picked_up":{"minecraft:pink_petals":2,"gamma_beasts:thin_oak_log":13,"minecraft:crafting_table":17,"minecraft:feather":2,"minecraft:chicken":1,"gamma_beasts:cooked_bird_thigh":1,"minecraft:leather":10,"gamma_beasts:prehnite":1,"minecraft:flint":1,"gamma_beasts:green_apple":9,"minecraft:oak_log":19,"gravestone:obituary":8,"minecraft:string":5,"minecraft:dirt":29,"minecraft:raw_copper":4,"minecraft:bone":7,"minecraft:gold_nugget":92,"minecraft:wheat_seeds":3,"minecraft:beef":12,"minecraft:oak_boat":1,"gamma_beasts:red_maple_log":3,"minecraft:iron_pickaxe":1,"minecraft:sugar_cane":9,"minecraft:oak_planks":3,"minecraft:iron_boots":1,"minecraft:furnace":6,"minecraft:stick":2,"minecraft:raw_iron":27,"iceandfire:dragonbone":11,"minecraft:sand":12,"iceandfire:chared_grass":1,"minecraft:porkchop":11,"minecraft:white_bed":2,"minecraft:diorite":6,"minecraft:carrot":1,"minecraft:arrow":3,"minecraft:rotten_flesh":8,"minecraft:granite":5,"gamma_beasts:coal_nugget":4,"minecraft:chainmail_helmet":1,"minecraft:skeleton_skull":1,"minecraft:mutton":5,"minecraft:coal":13,"minecraft:white_wool":3,"iceandfire:raw_silver":1,"minecraft:cobblestone":88},"minecraft:dropped":{"minecraft:iron_ingot":4,"minecraft:furnace":1,"iceandfire:raw_silver":1,"minecraft:wheat_seeds":1,"minecraft:raw_copper":4,"minecraft:crafting_table":1,"gamma_beasts:coal_nugget":4,"minecraft:feather":2,"minecraft:rotten_flesh":6,"minecraft:oak_planks":4,"minecraft:iron_boots":1,"minecraft:leather":2,"minecraft:chainmail_helmet":1,"minecraft:coal":18,"minecraft:flint":1,"minecraft:dirt":4,"minecraft:torch":1,"minecraft:leather_boots":1,"minecraft:oak_boat":1,"gravestone:obituary":31},"minecraft:custom":{"minecraft:interact_with_furnace":41,"minecraft:mob_kills":37,"minecraft:interact_with_crafting_table":23,"minecraft:leave_game":4,"minecraft:time_since_death":4723,"minecraft:sleep_in_bed":1,"minecraft:time_since_rest":4750,"minecraft:sprint_one_cm":380920,"minecraft:damage_taken":6445,"minecraft:walk_one_cm":203421,"minecraft:damage_blocked_by_shield":1225,"minecraft:trigger_trapped_chest":2,"minecraft:drop":52,"minecraft:damage_dealt":7752,"minecraft:swim_one_cm":23990,"minecraft:fly_one_cm":531738,"minecraft:open_chest":9,"minecraft:crouch_one_cm":25650,"minecraft:play_time":118526,"minecraft:deaths":20,"minecraft:sneak_time":9796,"minecraft:walk_under_water_one_cm":6926,"minecraft:boat_one_cm":91952,"minecraft:jump":2974,"minecraft:walk_on_water_one_cm":15240,"minecraft:total_world_time":118526,"minecraft:fall_one_cm":80489},"minecraft:mined":{"gamma_beasts:roble_hoja_1":1,"minecraft:white_bed":2,"iceandfire:silver_ore":1,"minecraft:powder_snow":13,"minecraft:crafting_table":17,"gravestone:gravestone":27,"minecraft:granite":5,"minecraft:grass_block":15,"minecraft:tall_grass":7,"minecraft:sugar_cane":4,"minecraft:diorite":5,"iceandfire:chared_grass":1,"minecraft:skeleton_skull":1,"minecraft:large_fern":1,"minecraft:furnace":6,"minecraft:fire":2,"minecraft:iron_ore":27,"gamma_beasts:prehnite_ore":1,"minecraft:wither_rose":1,"gamma_beasts:thin_oak_log":13,"minecraft:grass":12,"minecraft:oak_log":19,"minecraft:coal_ore":11,"iceandfire:gold_pile":6,"minecraft:iron_bars":1,"minecraft:sand":12,"minecraft:dirt":15,"minecraft:stone":87,"gamma_beasts:red_maple_log":3,"minecraft:oak_leaves":3},"minecraft:crafted":{"minecraft:oak_planks":54,"gamma_beasts:red_maple_planks":12,"sophisticatedbackpacks:backpack":1,"minecraft:cooked_porkchop":8,"minecraft:leather_boots":1,"minecraft:crafting_table":1,"minecraft:cooked_chicken":1,"minecraft:wooden_pickaxe":1,"minecraft:iron_helmet":1,"minecraft:iron_sword":1,"minecraft:furnace":1,"minecraft:stone_axe":1,"minecraft:cooked_mutton":5,"minecraft:air":0,"minecraft:oak_boat":2,"minecraft:iron_boots":1,"minecraft:iron_chestplate":1,"minecraft:shield":1,"minecraft:stick":12,"minecraft:iron_ingot":31,"minecraft:stone_pickaxe":2,"minecraft:iron_shovel":1,"minecraft:chest":1,"minecraft:iron_leggings":1,"minecraft:white_bed":1,"minecraft:torch":4},"minecraft:broken":{"minecraft:stone_pickaxe":1,"minecraft:shield":1},"minecraft:killed_by":{"minecraft:skeleton":3,"minecraft:zombie":6,"iceandfire:ghost":1,"iceandfire:fire_dragon":9},"minecraft:killed":{"minecraft:pig":6,"minecraft:spider":4,"gamma_beasts:careyatros_a":1,"minecraft:skeleton":4,"minecraft:sheep":4,"iceandfire:fire_dragon":1,"iceandfire:ghost":1,"minecraft:zombie":7,"minecraft:bee":1,"minecraft:chicken":2,"minecraft:cow":5},"minecraft:used":{"minecraft:cooked_mutton":5,"minecraft:iron_shovel":10,"minecraft:diorite":6,"minecraft:stone_pickaxe":146,"minecraft:oak_planks":8,"minecraft:wooden_pickaxe":10,"minecraft:shield":70,"gamma_beasts:green_apple":9,"minecraft:iron_sword":114,"minecraft:rotten_flesh":3,"minecraft:torch":3,"minecraft:dirt":25,"minecraft:crafting_table":17,"minecraft:carrot":1,"minecraft:white_bed":3,"minecraft:granite":5,"minecraft:iron_pickaxe":4,"gamma_beasts:cooked_bird_thigh":1,"minecraft:stone_axe":89,"minecraft:cobblestone":41,"gamma_beasts:red_maple_planks":9,"minecraft:porkchop":1,"minecraft:furnace":6,"minecraft:cooked_porkchop":8,"iceandfire:chared_grass":1,"minecraft:oak_boat":1}},"DataVersion":3465}