{"stats":{"minecraft:used":{"minecraft:dirt":9,"gamma_beasts:red_maple_planks":9,"minecraft:oak_planks":4},"minecraft:crafted":{"minecraft:oak_planks":6,"gamma_beasts:red_maple_planks":12},"minecraft:dropped":{"gravestone:obituary":2},"minecraft:picked_up":{"gamma_beasts:thin_oak_log":3,"minecraft:rotten_flesh":2,"gamma_beasts:red_maple_log":3,"gravestone:obituary":1,"minecraft:iron_pickaxe":1,"minecraft:carrot":1,"minecraft:dirt":12},"minecraft:mined":{"gamma_beasts:thin_oak_log":3,"minecraft:grass_block":6,"minecraft:dirt":7,"gamma_beasts:red_maple_log":3},"minecraft:killed_by":{"minecraft:zombie":3},"minecraft:custom":{"minecraft:time_since_rest":4414,"minecraft:crouch_one_cm":982,"minecraft:play_time":11789,"minecraft:sprint_one_cm":11587,"minecraft:damage_taken":790,"minecraft:deaths":3,"minecraft:walk_one_cm":5968,"minecraft:sneak_time":669,"minecraft:drop":2,"minecraft:jump":115,"minecraft:damage_dealt":16,"minecraft:leave_game":2,"minecraft:time_since_death":4387,"minecraft:total_world_time":11789,"minecraft:fall_one_cm":3134,"minecraft:fly_one_cm":17178}},"DataVersion":3465}