{"stats":{"minecraft:picked_up":{"gamma_beasts:thin_oak_log":13,"minecraft:crafting_table":19,"minecraft:chainmail_boots":1,"minecraft:chicken":1,"gravestone:obituary":8,"minecraft:string":5,"minecraft:raw_copper":4,"minecraft:gold_nugget":92,"minecraft:beef":15,"minecraft:oak_boat":1,"gamma_beasts:red_maple_log":3,"minecraft:iron_pickaxe":1,"minecraft:sugar_cane":9,"minecraft:furnace":8,"minecraft:iron_boots":1,"minecraft:raw_iron":27,"minecraft:stick":2,"iceandfire:dragonbone":19,"iceandfire:chared_grass":1,"minecraft:porkchop":18,"minecraft:diorite":6,"minecraft:carrot":1,"minecraft:arrow":3,"minecraft:rotten_flesh":12,"iceandfire:fire_dragon_heart":1,"gamma_beasts:coal_nugget":4,"minecraft:mutton":5,"minecraft:skeleton_skull":1,"minecraft:white_wool":3,"minecraft:cobblestone":91,"gamma_beasts:pear":9,"minecraft:pink_petals":36,"minecraft:feather":2,"gamma_beasts:cooked_bird_thigh":1,"minecraft:leather":13,"gamma_beasts:prehnite":1,"minecraft:flint":1,"minecraft:oak_log":19,"gamma_beasts:green_apple":9,"minecraft:chainmail_chestplate":1,"iceandfire:ectoplasm":1,"minecraft:dirt":32,"iceandfire:dragonscales_bronze":21,"minecraft:glass":2,"minecraft:bone":7,"minecraft:wheat_seeds":4,"minecraft:iron_ingot":1,"minecraft:stone_pickaxe":1,"minecraft:oak_planks":3,"iceandfire:dragon_skull_fire":1,"minecraft:sand":68,"minecraft:white_bed":3,"minecraft:spider_eye":1,"minecraft:granite":5,"minecraft:chainmail_helmet":1,"minecraft:coal":13,"iceandfire:raw_silver":1},"minecraft:dropped":{"minecraft:iron_ingot":5,"iceandfire:raw_silver":1,"minecraft:wheat_seeds":3,"minecraft:crafting_table":1,"gamma_beasts:coal_nugget":4,"minecraft:feather":2,"minecraft:leather":2,"iceandfire:ectoplasm":1,"minecraft:chainmail_helmet":1,"minecraft:coal":18,"minecraft:flint":1,"minecraft:dirt":4,"minecraft:torch":1,"gravestone:obituary":34,"minecraft:sand":67,"iceandfire:fire_dragon_blood":1,"minecraft:string":1,"minecraft:pink_petals":34,"minecraft:furnace":1,"minecraft:stone_sword":1,"minecraft:raw_copper":4,"minecraft:rotten_flesh":10,"minecraft:oak_planks":4,"minecraft:iron_boots":1,"minecraft:leather_boots":1,"minecraft:oak_boat":1,"minecraft:chainmail_boots":1,"minecraft:glass":2,"minecraft:stone_pickaxe":1},"minecraft:custom":{"minecraft:mob_kills":46,"minecraft:interact_with_crafting_table":28,"minecraft:damage_dealt_resisted":32,"minecraft:leave_game":4,"minecraft:time_since_death":861,"minecraft:sprint_one_cm":415540,"minecraft:walk_one_cm":222293,"minecraft:damage_blocked_by_shield":1600,"minecraft:drop":71,"minecraft:damage_dealt_absorbed":17,"minecraft:play_time":130526,"minecraft:deaths":23,"minecraft:sneak_time":10041,"minecraft:walk_under_water_one_cm":6926,"minecraft:boat_one_cm":91952,"minecraft:jump":3238,"minecraft:walk_on_water_one_cm":15240,"minecraft:total_world_time":130526,"minecraft:interact_with_furnace":45,"minecraft:sleep_in_bed":1,"minecraft:time_since_rest":888,"minecraft:damage_taken":7353,"minecraft:trigger_trapped_chest":2,"minecraft:damage_dealt":9025,"minecraft:swim_one_cm":23990,"minecraft:fly_one_cm":575332,"minecraft:open_chest":9,"minecraft:crouch_one_cm":26063,"minecraft:fall_one_cm":88432},"minecraft:mined":{"minecraft:white_bed":3,"gamma_beasts:roble_hoja_1":1,"iceandfire:silver_ore":1,"minecraft:granite":5,"gravestone:gravestone":30,"minecraft:grass_block":15,"iceandfire:chared_grass":1,"minecraft:large_fern":1,"minecraft:furnace":8,"minecraft:iron_ore":27,"minecraft:fire":2,"gamma_beasts:prehnite_ore":1,"iceandfire:gold_pile":6,"minecraft:iron_bars":1,"minecraft:stone":87,"minecraft:powder_snow":13,"minecraft:crafting_table":19,"minecraft:tall_grass":7,"minecraft:cobblestone":3,"minecraft:sugar_cane":4,"minecraft:diorite":5,"minecraft:pink_petals":4,"minecraft:skeleton_skull":1,"gamma_beasts:abedul_hojas":3,"minecraft:wither_rose":1,"gamma_beasts:thin_oak_log":13,"minecraft:grass":15,"minecraft:coal_ore":11,"minecraft:oak_log":19,"minecraft:sand":12,"minecraft:dirt":15,"gamma_beasts:red_maple_log":3,"minecraft:oak_leaves":3},"minecraft:broken":{"minecraft:stone_pickaxe":1,"minecraft:shield":1,"minecraft:stone_axe":1,"minecraft:iron_helmet":1},"minecraft:crafted":{"minecraft:oak_planks":102,"gamma_beasts:red_maple_planks":12,"minecraft:leather_boots":1,"iceandfire:dragon_stick":1,"minecraft:cooked_chicken":1,"minecraft:furnace":1,"minecraft:cooked_mutton":5,"minecraft:glass":6,"minecraft:iron_boots":1,"minecraft:stone_pickaxe":2,"minecraft:chest":1,"minecraft:cooked_beef":12,"minecraft:glass_bottle":6,"sophisticatedbackpacks:backpack":1,"minecraft:cooked_porkchop":8,"minecraft:crafting_table":1,"minecraft:wooden_pickaxe":1,"minecraft:iron_helmet":1,"minecraft:iron_sword":1,"minecraft:stone_axe":2,"minecraft:air":0,"minecraft:oak_boat":2,"minecraft:iron_chestplate":1,"minecraft:shield":2,"minecraft:stick":16,"minecraft:iron_ingot":31,"minecraft:stone_sword":1,"minecraft:iron_shovel":1,"minecraft:iron_leggings":1,"minecraft:white_bed":1,"minecraft:torch":4},"minecraft:killed_by":{"minecraft:skeleton":3,"minecraft:zombie":9,"iceandfire:ghost":1,"iceandfire:fire_dragon":9},"minecraft:killed":{"minecraft:spider":4,"minecraft:skeleton":4,"iceandfire:fire_dragon":1,"minecraft:bee":1,"minecraft:chicken":2,"minecraft:pig":9,"gamma_beasts:careyatros_a":1,"minecraft:sheep":4,"minecraft:zombie":9,"iceandfire:ghost":2,"minecraft:cow":8},"minecraft:used":{"minecraft:iron_shovel":10,"minecraft:shield":81,"gamma_beasts:green_apple":9,"minecraft:iron_sword":145,"minecraft:rotten_flesh":3,"minecraft:torch":3,"minecraft:dirt":25,"minecraft:carrot":1,"minecraft:granite":5,"gamma_beasts:red_maple_planks":9,"minecraft:furnace":7,"minecraft:cooked_beef":2,"minecraft:cooked_mutton":5,"minecraft:diorite":6,"minecraft:stone_pickaxe":153,"minecraft:oak_planks":8,"minecraft:wooden_pickaxe":10,"minecraft:crafting_table":18,"minecraft:white_bed":3,"minecraft:iron_pickaxe":4,"gamma_beasts:cooked_bird_thigh":1,"minecraft:stone_axe":99,"minecraft:pink_petals":2,"minecraft:cobblestone":49,"minecraft:cooked_porkchop":8,"minecraft:porkchop":1,"iceandfire:chared_grass":1,"minecraft:oak_boat":1}},"DataVersion":3465}