{"stats":{"minecraft:killed":{"minecraft:pig":2,"minecraft:spider":1,"minecraft:skeleton":3},"minecraft:used":{"minecraft:stone_pickaxe":132,"minecraft:oak_planks":6,"minecraft:wooden_pickaxe":10,"minecraft:shield":3,"gamma_beasts:green_apple":9,"minecraft:rotten_flesh":3,"minecraft:torch":3,"minecraft:dirt":21,"minecraft:crafting_table":7,"minecraft:carrot":1,"minecraft:granite":3,"minecraft:iron_pickaxe":4,"minecraft:stone_axe":37,"minecraft:cobblestone":1,"gamma_beasts:red_maple_planks":9,"minecraft:furnace":3},"minecraft:crafted":{"minecraft:oak_planks":38,"gamma_beasts:red_maple_planks":12,"minecraft:crafting_table":1,"minecraft:wooden_pickaxe":1,"minecraft:iron_helmet":1,"minecraft:iron_sword":1,"minecraft:furnace":1,"minecraft:stone_axe":1,"minecraft:air":0,"minecraft:iron_boots":1,"minecraft:iron_chestplate":1,"minecraft:shield":1,"minecraft:stick":8,"minecraft:iron_ingot":31,"minecraft:stone_pickaxe":2,"minecraft:iron_leggings":1,"minecraft:torch":4},"minecraft:dropped":{"minecraft:iron_ingot":4,"minecraft:furnace":1,"minecraft:crafting_table":1,"minecraft:coal":18,"gravestone:obituary":13},"minecraft:mined":{"iceandfire:silver_ore":1,"minecraft:crafting_table":9,"gravestone:gravestone":12,"minecraft:granite":5,"minecraft:grass_block":10,"minecraft:tall_grass":1,"minecraft:sugar_cane":4,"minecraft:diorite":5,"minecraft:furnace":4,"minecraft:iron_ore":27,"gamma_beasts:prehnite_ore":1,"gamma_beasts:thin_oak_log":3,"minecraft:grass":7,"minecraft:oak_log":19,"minecraft:coal_ore":8,"minecraft:dirt":13,"minecraft:stone":87,"gamma_beasts:red_maple_log":3,"minecraft:oak_leaves":2},"minecraft:picked_up":{"gamma_beasts:thin_oak_log":3,"minecraft:crafting_table":9,"gamma_beasts:cooked_bird_thigh":1,"gamma_beasts:prehnite":1,"minecraft:oak_log":19,"gamma_beasts:green_apple":9,"gravestone:obituary":2,"minecraft:dirt":22,"minecraft:raw_copper":4,"gamma_beasts:red_maple_log":3,"minecraft:iron_pickaxe":1,"minecraft:sugar_cane":9,"minecraft:furnace":4,"minecraft:stick":2,"minecraft:raw_iron":27,"minecraft:porkchop":5,"minecraft:diorite":6,"minecraft:carrot":1,"minecraft:rotten_flesh":3,"minecraft:granite":5,"gamma_beasts:coal_nugget":4,"minecraft:coal":10,"iceandfire:raw_silver":1,"minecraft:cobblestone":87},"minecraft:killed_by":{"minecraft:skeleton":1,"minecraft:zombie":4},"minecraft:custom":{"minecraft:interact_with_furnace":16,"minecraft:mob_kills":6,"minecraft:interact_with_crafting_table":11,"minecraft:leave_game":3,"minecraft:time_since_death":19367,"minecraft:time_since_rest":19398,"minecraft:sprint_one_cm":168697,"minecraft:damage_taken":1447,"minecraft:walk_one_cm":100117,"minecraft:damage_blocked_by_shield":55,"minecraft:drop":17,"minecraft:damage_dealt":1141,"minecraft:swim_one_cm":17203,"minecraft:fly_one_cm":189214,"minecraft:crouch_one_cm":13852,"minecraft:play_time":48319,"minecraft:deaths":5,"minecraft:sneak_time":4875,"minecraft:walk_under_water_one_cm":3189,"minecraft:jump":1150,"minecraft:walk_on_water_one_cm":7782,"minecraft:total_world_time":48319,"minecraft:fall_one_cm":25078},"minecraft:broken":{"minecraft:stone_pickaxe":1}},"DataVersion":3465}