{"stats":{"minecraft:picked_up":{"gamma_beasts:thin_oak_log":3,"minecraft:crafting_table":14,"minecraft:feather":2,"minecraft:chicken":1,"gamma_beasts:cooked_bird_thigh":1,"minecraft:leather":8,"gamma_beasts:prehnite":1,"gamma_beasts:green_apple":9,"minecraft:oak_log":19,"gravestone:obituary":2,"minecraft:dirt":26,"minecraft:raw_copper":4,"minecraft:wheat_seeds":1,"minecraft:beef":8,"gamma_beasts:red_maple_log":3,"minecraft:iron_pickaxe":1,"minecraft:sugar_cane":9,"minecraft:iron_boots":1,"minecraft:furnace":6,"minecraft:stick":2,"minecraft:raw_iron":27,"iceandfire:dragonbone":11,"minecraft:porkchop":8,"minecraft:white_bed":2,"minecraft:diorite":6,"minecraft:carrot":1,"minecraft:rotten_flesh":8,"minecraft:granite":5,"gamma_beasts:coal_nugget":4,"minecraft:chainmail_helmet":1,"minecraft:mutton":5,"minecraft:coal":10,"minecraft:white_wool":3,"iceandfire:raw_silver":1,"minecraft:cobblestone":87},"minecraft:dropped":{"minecraft:iron_ingot":4,"minecraft:furnace":1,"minecraft:crafting_table":1,"minecraft:iron_boots":1,"minecraft:leather":2,"minecraft:coal":18,"gravestone:obituary":13},"minecraft:custom":{"minecraft:interact_with_furnace":34,"minecraft:mob_kills":25,"minecraft:interact_with_crafting_table":17,"minecraft:leave_game":4,"minecraft:time_since_death":53574,"minecraft:sleep_in_bed":1,"minecraft:time_since_rest":22137,"minecraft:sprint_one_cm":264416,"minecraft:damage_taken":1739,"minecraft:walk_one_cm":149340,"minecraft:damage_blocked_by_shield":180,"minecraft:drop":20,"minecraft:damage_dealt":4565,"minecraft:swim_one_cm":17203,"minecraft:fly_one_cm":290467,"minecraft:crouch_one_cm":20730,"minecraft:play_time":82526,"minecraft:deaths":5,"minecraft:sneak_time":8374,"minecraft:walk_under_water_one_cm":3493,"minecraft:boat_one_cm":91952,"minecraft:jump":1855,"minecraft:walk_on_water_one_cm":10942,"minecraft:total_world_time":82526,"minecraft:fall_one_cm":40302},"minecraft:mined":{"minecraft:white_bed":2,"iceandfire:silver_ore":1,"minecraft:powder_snow":13,"minecraft:crafting_table":14,"gravestone:gravestone":12,"minecraft:granite":5,"minecraft:grass_block":12,"minecraft:tall_grass":1,"minecraft:sugar_cane":4,"minecraft:diorite":5,"minecraft:furnace":6,"minecraft:iron_ore":27,"gamma_beasts:prehnite_ore":1,"gamma_beasts:thin_oak_log":3,"minecraft:grass":7,"minecraft:oak_log":19,"minecraft:coal_ore":8,"minecraft:dirt":15,"minecraft:stone":87,"gamma_beasts:red_maple_log":3,"minecraft:oak_leaves":3},"minecraft:crafted":{"minecraft:oak_planks":42,"gamma_beasts:red_maple_planks":12,"minecraft:cooked_porkchop":8,"minecraft:leather_boots":1,"minecraft:crafting_table":1,"minecraft:cooked_chicken":1,"minecraft:wooden_pickaxe":1,"minecraft:iron_helmet":1,"minecraft:iron_sword":1,"minecraft:furnace":1,"minecraft:stone_axe":1,"minecraft:cooked_mutton":5,"minecraft:air":0,"minecraft:oak_boat":1,"minecraft:iron_boots":1,"minecraft:iron_chestplate":1,"minecraft:shield":1,"minecraft:stick":8,"minecraft:iron_ingot":31,"minecraft:stone_pickaxe":2,"minecraft:chest":1,"minecraft:iron_leggings":1,"minecraft:white_bed":1,"minecraft:torch":4},"minecraft:broken":{"minecraft:stone_pickaxe":1},"minecraft:killed_by":{"minecraft:skeleton":1,"minecraft:zombie":4},"minecraft:killed":{"minecraft:pig":4,"minecraft:spider":2,"gamma_beasts:careyatros_a":1,"minecraft:skeleton":3,"minecraft:sheep":4,"minecraft:zombie":5,"minecraft:bee":1,"minecraft:chicken":2,"minecraft:cow":3},"minecraft:used":{"minecraft:diorite":6,"minecraft:stone_pickaxe":134,"minecraft:oak_planks":6,"minecraft:wooden_pickaxe":10,"minecraft:shield":5,"gamma_beasts:green_apple":9,"minecraft:iron_sword":56,"minecraft:rotten_flesh":3,"minecraft:torch":3,"minecraft:dirt":25,"minecraft:crafting_table":13,"minecraft:carrot":1,"minecraft:white_bed":2,"minecraft:granite":5,"minecraft:iron_pickaxe":4,"gamma_beasts:cooked_bird_thigh":1,"minecraft:stone_axe":66,"minecraft:cobblestone":6,"gamma_beasts:red_maple_planks":9,"minecraft:furnace":5,"minecraft:cooked_porkchop":7,"minecraft:oak_boat":1}},"DataVersion":3465}