{"stats":{"minecraft:killed":{"minecraft:skeleton":1,"minecraft:spider":1},"minecraft:used":{"minecraft:stone_pickaxe":52,"minecraft:iron_pickaxe":1,"minecraft:oak_planks":6,"minecraft:wooden_pickaxe":10,"minecraft:rotten_flesh":3,"minecraft:stone_axe":20,"minecraft:dirt":13,"minecraft:crafting_table":2,"gamma_beasts:red_maple_planks":9,"minecraft:furnace":1,"minecraft:carrot":1},"minecraft:crafted":{"minecraft:oak_planks":38,"gamma_beasts:red_maple_planks":12,"minecraft:crafting_table":1,"minecraft:stick":8,"minecraft:iron_ingot":3,"minecraft:wooden_pickaxe":1,"minecraft:stone_pickaxe":1,"minecraft:furnace":1,"minecraft:stone_axe":1,"minecraft:air":0},"minecraft:dropped":{"gravestone:obituary":12},"minecraft:mined":{"iceandfire:silver_ore":1,"minecraft:iron_ore":19,"gamma_beasts:prehnite_ore":1,"minecraft:crafting_table":2,"gravestone:gravestone":11,"minecraft:coal_ore":5,"gamma_beasts:thin_oak_log":3,"minecraft:grass":6,"minecraft:grass_block":10,"minecraft:oak_log":19,"minecraft:dirt":11,"minecraft:tall_grass":1,"minecraft:stone":28,"gamma_beasts:red_maple_log":3,"minecraft:sugar_cane":4,"minecraft:diorite":1,"minecraft:oak_leaves":2},"minecraft:picked_up":{"gamma_beasts:thin_oak_log":3,"minecraft:raw_iron":19,"minecraft:stick":2,"minecraft:crafting_table":2,"gamma_beasts:prehnite":1,"minecraft:oak_log":19,"gravestone:obituary":2,"minecraft:diorite":1,"minecraft:carrot":1,"minecraft:dirt":20,"minecraft:raw_copper":4,"minecraft:rotten_flesh":2,"gamma_beasts:coal_nugget":2,"gamma_beasts:red_maple_log":3,"minecraft:iron_pickaxe":1,"minecraft:sugar_cane":9,"minecraft:coal":5,"iceandfire:raw_silver":1,"minecraft:cobblestone":28},"minecraft:killed_by":{"minecraft:skeleton":1,"minecraft:zombie":4},"minecraft:custom":{"minecraft:time_since_rest":4746,"minecraft:interact_with_furnace":4,"minecraft:sprint_one_cm":116730,"minecraft:damage_taken":1360,"minecraft:walk_one_cm":49536,"minecraft:mob_kills":2,"minecraft:drop":12,"minecraft:damage_dealt":425,"minecraft:swim_one_cm":12253,"minecraft:interact_with_crafting_table":6,"minecraft:fly_one_cm":163357,"minecraft:crouch_one_cm":9583,"minecraft:play_time":33667,"minecraft:deaths":5,"minecraft:sneak_time":3797,"minecraft:walk_under_water_one_cm":2651,"minecraft:jump":868,"minecraft:leave_game":2,"minecraft:time_since_death":4715,"minecraft:walk_on_water_one_cm":4251,"minecraft:total_world_time":33667,"minecraft:fall_one_cm":21213}},"DataVersion":3465}