{"stats":{"minecraft:killed":{"minecraft:zombie":2,"gamma_beasts:crasu_c":1,"gamma_beasts:crasu_a":1},"minecraft:used":{"minecraft:oak_log":1,"gamma_beasts:green_apple":15,"minecraft:rotten_flesh":2,"gamma_beasts:thin_oak_log":8,"minecraft:wooden_sword":42,"minecraft:dirt":30,"minecraft:crafting_table":2},"minecraft:crafted":{"minecraft:wooden_sword":1,"minecraft:oak_planks":30,"minecraft:crafting_table":2,"minecraft:stick":4},"minecraft:dropped":{"minecraft:rotten_flesh":6,"gravestone:obituary":5},"minecraft:mined":{"gamma_beasts:roble_hoja_1":17,"gamma_beasts:red_maple_leaves":5,"gamma_beasts:roblo_hoja":5,"gravestone:gravestone":4,"minecraft:grass":357,"gamma_beasts:thin_oak_log":31,"minecraft:grass_block":22,"minecraft:sand":1,"minecraft:dirt":5,"minecraft:tall_grass":2},"minecraft:picked_up":{"gamma_beasts:thin_oak_log":31,"gamma_beasts:fur":2,"gamma_beasts:bird_thigh":2,"gamma_beasts:green_apple":48,"gamma_beasts:oak_leaf":60,"gravestone:obituary":2,"minecraft:dirt":45,"minecraft:rotten_flesh":9,"minecraft:wheat_seeds":43},"minecraft:killed_by":{"minecraft:skeleton":1,"minecraft:zombie":11},"minecraft:custom":{"minecraft:time_since_rest":255,"minecraft:sprint_one_cm":110159,"minecraft:damage_taken":3535,"minecraft:walk_one_cm":124969,"minecraft:mob_kills":4,"minecraft:drop":11,"minecraft:damage_dealt":1679,"minecraft:swim_one_cm":533,"minecraft:interact_with_crafting_table":18,"minecraft:fly_one_cm":193444,"minecraft:crouch_one_cm":29521,"minecraft:play_time":62318,"minecraft:deaths":12,"minecraft:sneak_time":8897,"minecraft:walk_under_water_one_cm":4286,"minecraft:jump":684,"minecraft:leave_game":10,"minecraft:walk_on_water_one_cm":971,"minecraft:time_since_death":220,"minecraft:total_world_time":62318,"minecraft:fall_one_cm":19823}},"DataVersion":3465}