{"stats":{"minecraft:custom":{"minecraft:time_since_rest":1648,"minecraft:crouch_one_cm":626,"minecraft:play_time":16977,"minecraft:sprint_one_cm":29935,"minecraft:walk_one_cm":22486,"minecraft:damage_taken":987,"minecraft:deaths":4,"minecraft:sneak_time":136,"minecraft:mob_kills":2,"minecraft:drop":1,"minecraft:jump":151,"minecraft:damage_dealt":254,"minecraft:leave_game":1,"minecraft:time_since_death":0,"minecraft:total_world_time":16977,"minecraft:talked_to_villager":1,"minecraft:fall_one_cm":2098,"minecraft:fly_one_cm":21974},"minecraft:mined":{"minecraft:short_grass":4,"minecraft:birch_log":1,"minecraft:oak_leaves":14},"minecraft:dropped":{"minecraft:stick":1},"minecraft:used":{"minecraft:oak_sapling":1},"minecraft:killed_by":{"minecraft:zombie":1,"minecraft:player":3},"minecraft:picked_up":{"minecraft:birch_log":1,"minecraft:stick":1,"minecraft:rotten_flesh":5,"minecraft:oak_sapling":1}},"DataVersion":3953}