{"stats":{"minecraft:crafted":{"minecraft:oak_planks":2},"minecraft:custom":{"minecraft:jump":70,"minecraft:time_since_rest":13210,"minecraft:crouch_one_cm":10,"minecraft:leave_game":4,"minecraft:play_time":13210,"minecraft:sprint_one_cm":9717,"minecraft:time_since_death":13210,"minecraft:walk_one_cm":8624,"minecraft:sneak_time":105,"minecraft:total_world_time":13210,"minecraft:fall_one_cm":1881,"minecraft:fly_one_cm":71872},"minecraft:picked_up":{"gamma_beasts:thin_oak_log":1,"minecraft:wheat_seeds":1},"minecraft:mined":{"gamma_beasts:thin_oak_log":1,"minecraft:grass":8},"minecraft:used":{"minecraft:oak_log":1}},"DataVersion":3465}