{"stats":{"minecraft:killed":{"minecraft:zombie":2,"gamma_beasts:crasu_c":1,"gamma_beasts:crasu_a":1},"minecraft:used":{"minecraft:oak_log":1,"minecraft:wooden_pickaxe":20,"gamma_beasts:green_apple":17,"minecraft:rotten_flesh":2,"gamma_beasts:thin_oak_log":8,"minecraft:wooden_sword":62,"minecraft:dirt":34,"minecraft:crafting_table":3},"minecraft:crafted":{"minecraft:wooden_sword":1,"minecraft:oak_planks":30,"minecraft:crafting_table":3,"minecraft:stick":4,"minecraft:wooden_pickaxe":1},"minecraft:dropped":{"minecraft:rotten_flesh":6,"gravestone:obituary":5},"minecraft:mined":{"gamma_beasts:roble_hoja_1":17,"gamma_beasts:red_maple_leaves":7,"gamma_beasts:roblo_hoja":5,"gravestone:gravestone":5,"minecraft:grass":372,"gamma_beasts:thin_oak_log":31,"minecraft:grass_block":24,"minecraft:sand":1,"minecraft:dirt":13,"minecraft:tall_grass":2,"minecraft:stone":20},"minecraft:picked_up":{"gamma_beasts:thin_oak_log":31,"gamma_beasts:fur":2,"gamma_beasts:bird_thigh":2,"gamma_beasts:green_apple":48,"gamma_beasts:oak_leaf":60,"gravestone:obituary":2,"minecraft:dirt":55,"minecraft:apple":1,"minecraft:rotten_flesh":10,"minecraft:wheat_seeds":46,"minecraft:cobblestone":20},"minecraft:killed_by":{"minecraft:skeleton":1,"minecraft:zombie":12},"minecraft:custom":{"minecraft:time_since_rest":5895,"minecraft:sprint_one_cm":122523,"minecraft:damage_taken":3685,"minecraft:walk_one_cm":145163,"minecraft:mob_kills":4,"minecraft:drop":11,"minecraft:damage_dealt":1910,"minecraft:swim_one_cm":1291,"minecraft:interact_with_crafting_table":23,"minecraft:fly_one_cm":203296,"minecraft:crouch_one_cm":34268,"minecraft:play_time":69291,"minecraft:deaths":13,"minecraft:sneak_time":10794,"minecraft:walk_under_water_one_cm":6885,"minecraft:jump":774,"minecraft:leave_game":11,"minecraft:walk_on_water_one_cm":1525,"minecraft:time_since_death":5866,"minecraft:total_world_time":69291,"minecraft:fall_one_cm":21206,"minecraft:horse_one_cm":434},"minecraft:broken":{"minecraft:wooden_sword":1}},"DataVersion":3465}