{"stats":{"minecraft:picked_up":{"gamma_beasts:thin_oak_log":31,"minecraft:crafting_table":5,"gamma_beasts:fur":2,"minecraft:wither_rose":5,"gravestone:obituary":4,"iceandfire:manuscript":1,"minecraft:string":11,"minecraft:gold_nugget":34,"minecraft:beef":13,"minecraft:light_gray_wool":1,"minecraft:sugar_cane":5,"minecraft:furnace":9,"minecraft:raw_iron":56,"iceandfire:dragonbone":10,"minecraft:porkchop":20,"minecraft:diorite":9,"iceandfire:dragon_skull_ice":1,"minecraft:rotten_flesh":17,"minecraft:stone_sword":2,"minecraft:arrow":7,"gamma_beasts:coal_nugget":14,"minecraft:mutton":7,"minecraft:white_wool":2,"minecraft:cobblestone":98,"minecraft:pink_petals":7,"minecraft:leather":8,"minecraft:filled_map":1,"gamma_beasts:prehnite":2,"gamma_beasts:bird_thigh":2,"minecraft:oak_log":15,"gamma_beasts:green_apple":48,"gamma_beasts:oak_leaf":60,"minecraft:lapis_lazuli":44,"minecraft:dirt":84,"minecraft:bone":19,"minecraft:apple":1,"minecraft:kelp":1,"minecraft:wheat_seeds":52,"minecraft:raw_gold":5,"minecraft:iron_ingot":10,"minecraft:cobweb":16,"minecraft:oak_planks":1,"minecraft:sand":70,"minecraft:white_bed":1,"minecraft:fermented_spider_eye":1,"iceandfire:fire_dragon_blood":1,"iceandfire:lectern":1,"minecraft:granite":3,"minecraft:oak_sapling":2,"minecraft:coal":129,"iceandfire:raw_silver":1},"minecraft:dropped":{"minecraft:oak_log":1,"minecraft:stick":3,"gamma_beasts:cooked_bird_thigh":1,"gravestone:obituary":14,"minecraft:sand":1,"minecraft:fermented_spider_eye":1,"minecraft:pink_petals":7,"minecraft:furnace":1,"minecraft:kelp":1,"minecraft:stone_sword":1,"minecraft:rotten_flesh":9,"gamma_beasts:green_apple":9,"minecraft:filled_map":1,"iceandfire:manuscript":2},"minecraft:custom":{"minecraft:mob_kills":71,"minecraft:interact_with_crafting_table":59,"minecraft:damage_dealt_resisted":40,"minecraft:leave_game":12,"minecraft:time_since_death":24545,"minecraft:sprint_one_cm":572750,"minecraft:walk_one_cm":427228,"minecraft:damage_blocked_by_shield":2920,"minecraft:drop":50,"minecraft:damage_dealt_absorbed":240,"minecraft:play_time":207953,"minecraft:deaths":21,"minecraft:sneak_time":18974,"minecraft:walk_under_water_one_cm":21005,"minecraft:boat_one_cm":226805,"minecraft:jump":3735,"minecraft:walk_on_water_one_cm":22872,"minecraft:total_world_time":207953,"minecraft:interact_with_furnace":70,"minecraft:sleep_in_bed":2,"minecraft:time_since_rest":3799,"minecraft:damage_taken":8851,"minecraft:trigger_trapped_chest":4,"minecraft:damage_dealt":16994,"minecraft:swim_one_cm":14944,"minecraft:fly_one_cm":683170,"minecraft:open_chest":4,"minecraft:crouch_one_cm":58868,"minecraft:fall_one_cm":102881,"minecraft:horse_one_cm":434},"minecraft:mined":{"minecraft:white_bed":1,"gamma_beasts:roble_hoja_1":17,"iceandfire:graveyard_soil":1,"iceandfire:silver_ore":1,"minecraft:dark_oak_leaves":7,"gamma_beasts:roblo_hoja":5,"minecraft:glow_lichen":1,"gravestone:gravestone":13,"minecraft:granite":3,"minecraft:grass_block":34,"iceandfire:lectern":1,"minecraft:spruce_leaves":1,"minecraft:tall_seagrass":1,"minecraft:furnace":7,"minecraft:iron_ore":46,"gamma_beasts:prehnite_ore":2,"iceandfire:gold_pile":3,"minecraft:vine":1,"minecraft:stone":83,"gamma_beasts:red_maple_leaves":7,"minecraft:dandelion":1,"minecraft:powder_snow":27,"minecraft:crafting_table":4,"iceandfire:ghost_chest":1,"minecraft:tall_grass":5,"minecraft:cobblestone":6,"minecraft:lapis_ore":7,"minecraft:sugar_cane":2,"minecraft:diorite":8,"minecraft:pink_petals":4,"minecraft:birch_leaves":6,"minecraft:wither_rose":4,"gamma_beasts:thin_oak_log":31,"minecraft:grass":420,"minecraft:coal_ore":38,"minecraft:oak_log":14,"minecraft:sand":69,"minecraft:dirt":21,"minecraft:cobweb":11,"minecraft:gold_ore":5,"minecraft:oak_leaves":10},"minecraft:broken":{"minecraft:shield":1,"minecraft:wooden_sword":1,"minecraft:leather_boots":1,"minecraft:iron_sword":1},"minecraft:crafted":{"minecraft:wooden_sword":1,"minecraft:oak_planks":98,"minecraft:leather_boots":1,"minecraft:furnace":1,"iceandfire:lectern":1,"minecraft:cooked_mutton":4,"minecraft:iron_boots":1,"sophisticatedbackpacks:copper_backpack":1,"minecraft:stone_pickaxe":1,"minecraft:chest":1,"sophisticatedbackpacks:iron_backpack":1,"gamma_beasts:cooked_bird_thigh":2,"minecraft:cooked_beef":9,"sophisticatedbackpacks:backpack":1,"minecraft:cooked_porkchop":20,"minecraft:crafting_table":6,"minecraft:wooden_pickaxe":1,"minecraft:iron_helmet":1,"minecraft:iron_sword":1,"minecraft:copper_ingot":8,"sophisticatedbackpacks:gold_backpack":1,"minecraft:stone_axe":1,"minecraft:air":0,"minecraft:oak_boat":1,"iceandfire:bestiary":1,"minecraft:white_wool":1,"minecraft:iron_chestplate":1,"minecraft:shield":2,"minecraft:stick":16,"minecraft:iron_ingot":26,"minecraft:iron_pickaxe":1,"minecraft:gold_ingot":8,"minecraft:iron_shovel":1,"minecraft:iron_leggings":1,"minecraft:white_bed":1,"minecraft:torch":4},"minecraft:killed_by":{"minecraft:skeleton":1,"minecraft:zombie":15,"iceandfire:ghost":1,"iceandfire:fire_dragon":2},"minecraft:killed":{"minecraft:spider":3,"minecraft:skeleton":7,"gamma_beasts:spider_c":1,"gamma_beasts:crasu_c":1,"minecraft:chicken":1,"minecraft:drowned":3,"minecraft:pig":7,"minecraft:creeper":1,"minecraft:sheep":3,"minecraft:zombie":22,"iceandfire:ghost":10,"gamma_beasts:crasu_a":1,"gamma_beasts:spider_a":1,"minecraft:cow":9},"minecraft:used":{"iceandfire:lectern":1,"minecraft:stone_sword":101,"minecraft:iron_shovel":79,"minecraft:shield":126,"gamma_beasts:green_apple":39,"minecraft:iron_sword":257,"minecraft:rotten_flesh":6,"gamma_beasts:thin_oak_log":8,"minecraft:torch":4,"minecraft:dirt":64,"minecraft:furnace":8,"minecraft:cooked_beef":9,"minecraft:cooked_mutton":4,"minecraft:diorite":9,"minecraft:stone_pickaxe":53,"minecraft:oak_planks":28,"minecraft:wooden_pickaxe":23,"minecraft:sand":1,"minecraft:crafting_table":10,"minecraft:white_bed":1,"minecraft:oak_log":2,"minecraft:apple":1,"minecraft:iron_pickaxe":134,"gamma_beasts:cooked_bird_thigh":1,"minecraft:stone_axe":57,"minecraft:wooden_sword":62,"minecraft:cobblestone":78,"minecraft:cooked_porkchop":22,"minecraft:oak_boat":1,"minecraft:wither_rose":1,"minecraft:cobweb":8}},"DataVersion":3465}