{"stats":{"minecraft:mined":{"gamma_beasts:thin_oak_log":1,"minecraft:grass":5},"minecraft:used":{"minecraft:oak_log":1},"minecraft:crafted":{"minecraft:oak_planks":2},"minecraft:custom":{"minecraft:jump":30,"minecraft:time_since_rest":3331,"minecraft:crouch_one_cm":10,"minecraft:leave_game":2,"minecraft:play_time":3331,"minecraft:sprint_one_cm":2185,"minecraft:time_since_death":3331,"minecraft:walk_one_cm":3676,"minecraft:sneak_time":105,"minecraft:total_world_time":3331,"minecraft:fall_one_cm":627,"minecraft:fly_one_cm":60852},"minecraft:picked_up":{"gamma_beasts:thin_oak_log":1,"minecraft:wheat_seeds":1}},"DataVersion":3465}