{"stats":{"minecraft:picked_up":{"gamma_beasts:thin_oak_log":31,"minecraft:crafting_table":3,"minecraft:leather":4,"gamma_beasts:fur":2,"gamma_beasts:prehnite":2,"minecraft:wither_rose":3,"gamma_beasts:bird_thigh":2,"gamma_beasts:green_apple":48,"minecraft:oak_log":15,"gamma_beasts:oak_leaf":60,"gravestone:obituary":4,"iceandfire:manuscript":1,"minecraft:lapis_lazuli":44,"minecraft:dirt":73,"minecraft:bone":18,"minecraft:apple":1,"minecraft:wheat_seeds":49,"minecraft:gold_nugget":10,"minecraft:raw_gold":5,"minecraft:iron_ingot":6,"minecraft:beef":11,"minecraft:cobweb":8,"minecraft:light_gray_wool":1,"minecraft:furnace":8,"minecraft:raw_iron":52,"iceandfire:dragonbone":10,"minecraft:porkchop":20,"minecraft:diorite":7,"iceandfire:dragon_skull_ice":1,"minecraft:arrow":6,"minecraft:rotten_flesh":15,"gamma_beasts:coal_nugget":10,"minecraft:oak_sapling":2,"minecraft:mutton":7,"minecraft:coal":122,"minecraft:white_wool":2,"iceandfire:raw_silver":1,"minecraft:cobblestone":66},"minecraft:dropped":{"minecraft:furnace":1,"minecraft:oak_log":1,"minecraft:rotten_flesh":8,"gamma_beasts:green_apple":9,"gamma_beasts:cooked_bird_thigh":1,"gravestone:obituary":13},"minecraft:custom":{"minecraft:interact_with_furnace":44,"minecraft:mob_kills":44,"minecraft:interact_with_crafting_table":42,"minecraft:leave_game":12,"minecraft:time_since_death":1341,"minecraft:time_since_rest":1441,"minecraft:sprint_one_cm":434305,"minecraft:damage_taken":6259,"minecraft:walk_one_cm":344272,"minecraft:damage_blocked_by_shield":1510,"minecraft:trigger_trapped_chest":3,"minecraft:drop":33,"minecraft:damage_dealt":10380,"minecraft:swim_one_cm":5631,"minecraft:fly_one_cm":511570,"minecraft:crouch_one_cm":52120,"minecraft:play_time":159953,"minecraft:deaths":16,"minecraft:sneak_time":17008,"minecraft:walk_under_water_one_cm":14419,"minecraft:boat_one_cm":99067,"minecraft:jump":2635,"minecraft:walk_on_water_one_cm":5051,"minecraft:total_world_time":159953,"minecraft:fall_one_cm":68889,"minecraft:horse_one_cm":434},"minecraft:mined":{"iceandfire:graveyard_soil":1,"gamma_beasts:roble_hoja_1":17,"gamma_beasts:red_maple_leaves":7,"iceandfire:silver_ore":1,"minecraft:dark_oak_leaves":7,"gamma_beasts:roblo_hoja":5,"minecraft:powder_snow":27,"minecraft:crafting_table":2,"minecraft:glow_lichen":1,"gravestone:gravestone":7,"minecraft:grass_block":30,"iceandfire:ghost_chest":1,"minecraft:tall_grass":4,"minecraft:cobblestone":6,"minecraft:lapis_ore":7,"minecraft:diorite":8,"minecraft:furnace":6,"minecraft:iron_ore":42,"gamma_beasts:prehnite_ore":2,"minecraft:birch_leaves":5,"minecraft:wither_rose":2,"gamma_beasts:thin_oak_log":31,"minecraft:grass":394,"minecraft:oak_log":14,"minecraft:coal_ore":31,"minecraft:vine":1,"minecraft:sand":1,"minecraft:dirt":14,"minecraft:stone":50,"minecraft:gold_ore":5,"minecraft:oak_leaves":10},"minecraft:broken":{"minecraft:wooden_sword":1},"minecraft:crafted":{"gamma_beasts:cooked_bird_thigh":2,"minecraft:cooked_beef":9,"minecraft:wooden_sword":1,"minecraft:oak_planks":98,"minecraft:cooked_porkchop":20,"minecraft:leather_boots":1,"minecraft:crafting_table":5,"minecraft:wooden_pickaxe":1,"minecraft:iron_helmet":1,"minecraft:iron_sword":1,"minecraft:furnace":1,"minecraft:stone_axe":1,"minecraft:cooked_mutton":4,"minecraft:air":0,"minecraft:iron_boots":1,"minecraft:iron_chestplate":1,"minecraft:shield":1,"minecraft:stick":12,"minecraft:iron_ingot":26,"minecraft:iron_pickaxe":1,"minecraft:stone_pickaxe":1,"minecraft:iron_leggings":1,"minecraft:torch":4},"minecraft:killed_by":{"minecraft:skeleton":1,"minecraft:zombie":12,"iceandfire:ghost":1},"minecraft:killed":{"minecraft:pig":7,"minecraft:spider":1,"minecraft:creeper":1,"minecraft:sheep":3,"minecraft:skeleton":6,"minecraft:zombie":10,"iceandfire:ghost":5,"minecraft:chicken":1,"gamma_beasts:crasu_c":1,"gamma_beasts:crasu_a":1,"minecraft:cow":8},"minecraft:used":{"minecraft:cooked_mutton":4,"minecraft:stone_pickaxe":53,"minecraft:oak_planks":15,"minecraft:wooden_pickaxe":23,"minecraft:shield":60,"gamma_beasts:green_apple":39,"minecraft:iron_sword":178,"minecraft:rotten_flesh":6,"gamma_beasts:thin_oak_log":8,"minecraft:torch":4,"minecraft:dirt":52,"minecraft:crafting_table":7,"minecraft:oak_log":2,"minecraft:apple":1,"minecraft:iron_pickaxe":86,"gamma_beasts:cooked_bird_thigh":1,"minecraft:stone_axe":29,"minecraft:wooden_sword":62,"minecraft:cobblestone":52,"minecraft:furnace":7,"minecraft:cooked_porkchop":4,"minecraft:wither_rose":1,"minecraft:cooked_beef":9}},"DataVersion":3465}