{"stats":{"minecraft:killed":{"minecraft:creeper":1,"minecraft:skeleton":3,"minecraft:zombie":3,"gamma_beasts:crasu_c":1,"gamma_beasts:crasu_a":1},"minecraft:used":{"minecraft:stone_pickaxe":53,"minecraft:wooden_pickaxe":23,"minecraft:shield":18,"gamma_beasts:green_apple":39,"minecraft:iron_sword":17,"minecraft:rotten_flesh":3,"gamma_beasts:thin_oak_log":8,"minecraft:torch":4,"minecraft:dirt":52,"minecraft:crafting_table":6,"minecraft:oak_log":1,"minecraft:apple":1,"minecraft:iron_pickaxe":80,"gamma_beasts:cooked_bird_thigh":1,"minecraft:stone_axe":20,"minecraft:wooden_sword":62,"minecraft:cobblestone":26,"minecraft:furnace":4},"minecraft:crafted":{"gamma_beasts:cooked_bird_thigh":2,"minecraft:wooden_sword":1,"minecraft:oak_planks":98,"minecraft:crafting_table":5,"minecraft:wooden_pickaxe":1,"minecraft:iron_helmet":1,"minecraft:iron_sword":1,"minecraft:furnace":1,"minecraft:stone_axe":1,"minecraft:air":0,"minecraft:iron_boots":1,"minecraft:iron_chestplate":1,"minecraft:shield":1,"minecraft:stick":12,"minecraft:iron_ingot":26,"minecraft:iron_pickaxe":1,"minecraft:stone_pickaxe":1,"minecraft:iron_leggings":1,"minecraft:torch":4},"minecraft:dropped":{"minecraft:oak_log":1,"minecraft:rotten_flesh":7,"gamma_beasts:green_apple":9,"gamma_beasts:cooked_bird_thigh":1,"gravestone:obituary":5},"minecraft:mined":{"gamma_beasts:roble_hoja_1":17,"gamma_beasts:red_maple_leaves":7,"iceandfire:silver_ore":1,"gamma_beasts:roblo_hoja":5,"minecraft:crafting_table":1,"minecraft:glow_lichen":1,"gravestone:gravestone":5,"minecraft:grass_block":24,"minecraft:tall_grass":2,"minecraft:cobblestone":4,"minecraft:lapis_ore":7,"minecraft:diorite":8,"minecraft:furnace":3,"minecraft:iron_ore":42,"gamma_beasts:prehnite_ore":2,"gamma_beasts:thin_oak_log":31,"minecraft:grass":375,"minecraft:oak_log":13,"minecraft:coal_ore":31,"minecraft:sand":1,"minecraft:dirt":13,"minecraft:stone":50,"minecraft:gold_ore":5,"minecraft:oak_leaves":5},"minecraft:picked_up":{"gamma_beasts:thin_oak_log":31,"minecraft:crafting_table":2,"gamma_beasts:fur":2,"gamma_beasts:prehnite":2,"gamma_beasts:bird_thigh":2,"gamma_beasts:green_apple":48,"minecraft:oak_log":14,"gamma_beasts:oak_leaf":60,"gravestone:obituary":2,"minecraft:lapis_lazuli":44,"minecraft:dirt":56,"minecraft:bone":8,"minecraft:apple":1,"minecraft:wheat_seeds":46,"minecraft:raw_gold":5,"minecraft:iron_ingot":6,"minecraft:furnace":4,"minecraft:raw_iron":52,"minecraft:diorite":7,"minecraft:arrow":4,"minecraft:rotten_flesh":11,"gamma_beasts:coal_nugget":10,"minecraft:oak_sapling":1,"minecraft:coal":100,"iceandfire:raw_silver":1,"minecraft:cobblestone":64},"minecraft:killed_by":{"minecraft:skeleton":1,"minecraft:zombie":12},"minecraft:custom":{"minecraft:interact_with_furnace":26,"minecraft:mob_kills":9,"minecraft:interact_with_crafting_table":39,"minecraft:leave_game":11,"minecraft:time_since_death":37375,"minecraft:time_since_rest":37404,"minecraft:sprint_one_cm":235176,"minecraft:damage_taken":4294,"minecraft:walk_one_cm":237959,"minecraft:damage_blocked_by_shield":475,"minecraft:drop":23,"minecraft:damage_dealt":3132,"minecraft:swim_one_cm":3332,"minecraft:fly_one_cm":286510,"minecraft:crouch_one_cm":45710,"minecraft:play_time":100800,"minecraft:deaths":13,"minecraft:sneak_time":14065,"minecraft:walk_under_water_one_cm":12429,"minecraft:jump":1368,"minecraft:walk_on_water_one_cm":2706,"minecraft:total_world_time":100800,"minecraft:fall_one_cm":32813,"minecraft:horse_one_cm":434},"minecraft:broken":{"minecraft:wooden_sword":1}},"DataVersion":3465}