{"stats":{"minecraft:killed":{"minecraft:zombie":2,"gamma_beasts:crasu_c":1,"gamma_beasts:crasu_a":1},"minecraft:used":{"minecraft:oak_log":1,"minecraft:apple":1,"minecraft:wooden_pickaxe":23,"gamma_beasts:green_apple":26,"minecraft:stone_axe":9,"minecraft:rotten_flesh":2,"gamma_beasts:thin_oak_log":8,"minecraft:wooden_sword":62,"minecraft:dirt":34,"minecraft:cobblestone":10,"minecraft:crafting_table":4},"minecraft:crafted":{"minecraft:wooden_sword":1,"minecraft:oak_planks":46,"minecraft:crafting_table":4,"minecraft:stick":8,"minecraft:wooden_pickaxe":1,"minecraft:stone_pickaxe":1,"minecraft:stone_axe":1},"minecraft:dropped":{"minecraft:oak_log":1,"minecraft:rotten_flesh":6,"gravestone:obituary":5},"minecraft:mined":{"gamma_beasts:roble_hoja_1":17,"gamma_beasts:red_maple_leaves":7,"gamma_beasts:roblo_hoja":5,"gravestone:gravestone":5,"gamma_beasts:thin_oak_log":31,"minecraft:grass":373,"minecraft:grass_block":24,"minecraft:oak_log":9,"minecraft:sand":1,"minecraft:dirt":13,"minecraft:tall_grass":2,"minecraft:cobblestone":2,"minecraft:stone":20,"minecraft:oak_leaves":3},"minecraft:picked_up":{"gamma_beasts:thin_oak_log":31,"gamma_beasts:fur":2,"gamma_beasts:bird_thigh":2,"minecraft:oak_log":10,"gamma_beasts:green_apple":48,"gamma_beasts:oak_leaf":60,"gravestone:obituary":2,"minecraft:dirt":55,"minecraft:rotten_flesh":10,"minecraft:apple":1,"minecraft:wheat_seeds":46,"minecraft:cobblestone":22},"minecraft:killed_by":{"minecraft:skeleton":1,"minecraft:zombie":12},"minecraft:custom":{"minecraft:time_since_rest":13404,"minecraft:sprint_one_cm":141601,"minecraft:damage_taken":3930,"minecraft:walk_one_cm":161888,"minecraft:mob_kills":4,"minecraft:drop":12,"minecraft:damage_dealt":1965,"minecraft:swim_one_cm":3332,"minecraft:interact_with_crafting_table":24,"minecraft:fly_one_cm":240382,"minecraft:crouch_one_cm":36037,"minecraft:play_time":76800,"minecraft:deaths":13,"minecraft:sneak_time":11309,"minecraft:walk_under_water_one_cm":12429,"minecraft:jump":945,"minecraft:leave_game":11,"minecraft:time_since_death":13375,"minecraft:walk_on_water_one_cm":2706,"minecraft:total_world_time":76800,"minecraft:fall_one_cm":26963,"minecraft:horse_one_cm":434},"minecraft:broken":{"minecraft:wooden_sword":1}},"DataVersion":3465}