{"stats":{"minecraft:used":{"minecraft:oak_log":1,"minecraft:dirt":9,"minecraft:crafting_table":1,"gamma_beasts:green_apple":3,"minecraft:rotten_flesh":2},"minecraft:crafted":{"minecraft:oak_planks":10,"minecraft:crafting_table":1,"minecraft:stick":4},"minecraft:dropped":{"gravestone:obituary":3,"minecraft:rotten_flesh":6},"minecraft:mined":{"gamma_beasts:thin_oak_log":7,"minecraft:grass":239,"minecraft:grass_block":9,"gamma_beasts:roble_hoja_1":6,"minecraft:tall_grass":2,"gamma_beasts:roblo_hoja":1,"gravestone:gravestone":2},"minecraft:picked_up":{"gamma_beasts:thin_oak_log":7,"minecraft:rotten_flesh":8,"minecraft:wheat_seeds":29,"gamma_beasts:green_apple":3,"gamma_beasts:oak_leaf":6,"gravestone:obituary":1,"minecraft:dirt":9},"minecraft:killed_by":{"minecraft:skeleton":1,"minecraft:zombie":1},"minecraft:custom":{"minecraft:time_since_rest":14474,"minecraft:crouch_one_cm":11019,"minecraft:sprint_one_cm":80597,"minecraft:play_time":30105,"minecraft:walk_one_cm":46344,"minecraft:damage_taken":615,"minecraft:deaths":2,"minecraft:sneak_time":2146,"minecraft:walk_under_water_one_cm":3109,"minecraft:drop":9,"minecraft:jump":430,"minecraft:damage_dealt":52,"minecraft:walk_on_water_one_cm":680,"minecraft:leave_game":5,"minecraft:time_since_death":14425,"minecraft:total_world_time":30105,"minecraft:swim_one_cm":533,"minecraft:interact_with_crafting_table":9,"minecraft:fall_one_cm":14638,"minecraft:fly_one_cm":159623}},"DataVersion":3465}