{"stats":{"minecraft:killed":{"minecraft:creeper":1,"minecraft:skeleton":1,"minecraft:zombie":2,"gamma_beasts:crasu_c":1,"gamma_beasts:crasu_a":1},"minecraft:used":{"minecraft:stone_pickaxe":53,"minecraft:wooden_pickaxe":23,"minecraft:shield":3,"gamma_beasts:green_apple":36,"minecraft:iron_sword":3,"minecraft:rotten_flesh":2,"gamma_beasts:thin_oak_log":8,"minecraft:dirt":52,"minecraft:crafting_table":5,"minecraft:oak_log":1,"minecraft:apple":1,"minecraft:iron_pickaxe":22,"minecraft:stone_axe":19,"minecraft:wooden_sword":62,"minecraft:cobblestone":25,"minecraft:furnace":1},"minecraft:crafted":{"minecraft:wooden_sword":1,"minecraft:oak_planks":46,"minecraft:crafting_table":5,"minecraft:wooden_pickaxe":1,"minecraft:iron_sword":1,"minecraft:furnace":1,"minecraft:stone_axe":1,"minecraft:air":0,"minecraft:shield":1,"minecraft:stick":12,"minecraft:iron_ingot":10,"minecraft:iron_pickaxe":1,"minecraft:stone_pickaxe":1},"minecraft:dropped":{"minecraft:oak_log":1,"minecraft:rotten_flesh":6,"gravestone:obituary":5},"minecraft:mined":{"gamma_beasts:roble_hoja_1":17,"gamma_beasts:red_maple_leaves":7,"iceandfire:silver_ore":1,"gamma_beasts:roblo_hoja":5,"gravestone:gravestone":5,"minecraft:grass_block":24,"minecraft:tall_grass":2,"minecraft:cobblestone":4,"minecraft:iron_ore":20,"gamma_beasts:prehnite_ore":2,"gamma_beasts:thin_oak_log":31,"minecraft:grass":375,"minecraft:oak_log":13,"minecraft:coal_ore":27,"minecraft:sand":1,"minecraft:dirt":13,"minecraft:stone":37,"minecraft:gold_ore":5,"minecraft:oak_leaves":5},"minecraft:picked_up":{"gamma_beasts:thin_oak_log":31,"gamma_beasts:fur":2,"gamma_beasts:prehnite":2,"gamma_beasts:bird_thigh":2,"gamma_beasts:green_apple":48,"minecraft:oak_log":14,"gamma_beasts:oak_leaf":60,"gravestone:obituary":2,"minecraft:dirt":56,"minecraft:bone":2,"minecraft:apple":1,"minecraft:wheat_seeds":46,"minecraft:raw_gold":5,"minecraft:raw_iron":20,"minecraft:rotten_flesh":10,"gamma_beasts:coal_nugget":9,"minecraft:oak_sapling":1,"minecraft:coal":27,"iceandfire:raw_silver":1,"minecraft:cobblestone":51},"minecraft:killed_by":{"minecraft:skeleton":1,"minecraft:zombie":12},"minecraft:custom":{"minecraft:interact_with_furnace":9,"minecraft:mob_kills":6,"minecraft:interact_with_crafting_table":29,"minecraft:leave_game":11,"minecraft:time_since_death":25375,"minecraft:time_since_rest":25404,"minecraft:sprint_one_cm":197618,"minecraft:damage_taken":4100,"minecraft:walk_one_cm":194756,"minecraft:damage_blocked_by_shield":90,"minecraft:drop":12,"minecraft:damage_dealt":2544,"minecraft:swim_one_cm":3332,"minecraft:fly_one_cm":265075,"minecraft:crouch_one_cm":43006,"minecraft:play_time":88800,"minecraft:deaths":13,"minecraft:sneak_time":13250,"minecraft:walk_under_water_one_cm":12429,"minecraft:jump":1183,"minecraft:walk_on_water_one_cm":2706,"minecraft:total_world_time":88800,"minecraft:fall_one_cm":31495,"minecraft:horse_one_cm":434},"minecraft:broken":{"minecraft:wooden_sword":1}},"DataVersion":3465}