{"stats":{"minecraft:mined":{"minecraft:oak_leaves":1},"minecraft:used":{"minecraft:wooden_sword":11,"minecraft:zombie_spawn_egg":1},"minecraft:picked_up":{"minecraft:rotten_flesh":2},"minecraft:custom":{"minecraft:jump":21,"minecraft:time_since_rest":5539,"minecraft:damage_dealt":191,"minecraft:crouch_one_cm":9,"minecraft:leave_game":1,"minecraft:play_time":5539,"minecraft:sprint_one_cm":265,"minecraft:time_since_death":5539,"minecraft:walk_one_cm":3071,"minecraft:sneak_time":147,"minecraft:total_world_time":5539,"minecraft:mob_kills":1,"minecraft:damage_dealt_absorbed":80,"minecraft:fly_one_cm":25712},"minecraft:killed":{"minecraft:zombie":1}},"DataVersion":3465}