{"stats":{"minecraft:used":{"iceandfire:lectern":1,"minecraft:iron_shovel":79,"minecraft:stone_sword":124,"minecraft:flint_and_steel":1,"minecraft:shield":136,"gamma_beasts:green_apple":39,"minecraft:iron_sword":257,"minecraft:rotten_flesh":6,"minecraft:netherrack":178,"gamma_beasts:thin_oak_log":8,"minecraft:torch":4,"minecraft:dirt":64,"minecraft:nether_bricks":1,"minecraft:furnace":8,"minecraft:cooked_beef":9,"minecraft:cooked_mutton":4,"minecraft:diorite":9,"minecraft:stone_pickaxe":53,"minecraft:oak_planks":28,"minecraft:wooden_pickaxe":23,"minecraft:diamond_axe":14,"minecraft:sand":1,"minecraft:crafting_table":12,"minecraft:white_bed":2,"minecraft:oak_log":2,"minecraft:diamond_pickaxe":258,"minecraft:apple":1,"minecraft:iron_pickaxe":158,"gamma_beasts:cooked_bird_thigh":1,"minecraft:stone_axe":80,"minecraft:nether_wart_block":2,"minecraft:diamond_sword":77,"minecraft:wooden_sword":62,"minecraft:cobblestone":81,"minecraft:cooked_porkchop":47,"minecraft:oak_boat":1,"minecraft:wither_rose":1,"minecraft:cobweb":8},"minecraft:broken":{"minecraft:stone_sword":1,"minecraft:iron_leggings":1,"minecraft:shield":1,"minecraft:wooden_sword":1,"minecraft:leather_boots":1,"minecraft:stone_axe":1,"minecraft:iron_sword":1,"minecraft:iron_helmet":1},"minecraft:killed_by":{"minecraft:player":2,"gamma_beasts:dogishi_a":2,"minecraft:skeleton":1,"minecraft:zombie":15,"iceandfire:ghost":1,"gamma_beasts:diamond_golem_a":3,"iceandfire:fire_dragon":2},"minecraft:killed":{"minecraft:spider":3,"minecraft:skeleton":8,"gamma_beasts:spider_c":1,"gamma_beasts:crasu_c":1,"minecraft:chicken":1,"minecraft:drowned":3,"gamma_beasts:diamond_golem_c":1,"gamma_beasts:dogishi_c":1,"minecraft:magma_cube":5,"minecraft:piglin":3,"minecraft:pig":7,"minecraft:creeper":1,"minecraft:sheep":3,"gamma_beasts:diamond_golem_a":1,"minecraft:zombie":22,"iceandfire:ghost":10,"minecraft:ghast":1,"gamma_beasts:crasu_a":1,"gamma_beasts:spider_a":1,"minecraft:blaze":18,"minecraft:cow":9},"minecraft:mined":{"minecraft:nether_gold_ore":30,"minecraft:deepslate_tiles":1,"minecraft:white_bed":2,"gamma_beasts:roble_hoja_1":17,"iceandfire:graveyard_soil":1,"iceandfire:silver_ore":1,"minecraft:dark_oak_leaves":7,"gamma_beasts:roblo_hoja":5,"minecraft:glow_lichen":1,"minecraft:nether_bricks":1,"gravestone:gravestone":22,"minecraft:granite":3,"minecraft:grass_block":34,"minecraft:crimson_roots":1,"minecraft:weeping_vines":1,"iceandfire:lectern":1,"minecraft:spruce_leaves":1,"minecraft:spawner":1,"minecraft:weeping_vines_plant":8,"minecraft:tall_seagrass":1,"minecraft:magma_block":20,"minecraft:furnace":7,"minecraft:iron_ore":46,"minecraft:fire":32,"gamma_beasts:prehnite_ore":2,"iceandfire:gold_pile":3,"minecraft:vine":1,"minecraft:stone":83,"gamma_beasts:red_maple_leaves":7,"minecraft:basalt":13,"minecraft:dandelion":1,"minecraft:powder_snow":27,"minecraft:crafting_table":6,"iceandfire:ghost_chest":1,"minecraft:nether_quartz_ore":2,"minecraft:tall_grass":5,"minecraft:cobblestone":6,"minecraft:lapis_ore":7,"minecraft:sugar_cane":2,"minecraft:diorite":8,"minecraft:pink_petals":4,"minecraft:nether_wart_block":2,"minecraft:birch_leaves":6,"minecraft:wither_rose":4,"gamma_beasts:thin_oak_log":31,"minecraft:grass":426,"minecraft:oak_log":14,"minecraft:coal_ore":47,"minecraft:gravel":2,"minecraft:sand":69,"minecraft:dirt":21,"minecraft:cobweb":11,"minecraft:netherrack":201,"minecraft:ancient_debris":2,"minecraft:gold_ore":5,"minecraft:oak_leaves":10},"minecraft:custom":{"minecraft:mob_kills":102,"minecraft:interact_with_crafting_table":68,"minecraft:damage_dealt_resisted":40,"minecraft:leave_game":13,"minecraft:time_since_death":32796,"minecraft:climb_one_cm":20,"minecraft:sprint_one_cm":761025,"minecraft:walk_one_cm":537159,"minecraft:damage_blocked_by_shield":3310,"minecraft:drop":81,"minecraft:damage_dealt_absorbed":240,"minecraft:play_time":261752,"minecraft:sneak_time":25726,"minecraft:deaths":32,"minecraft:walk_under_water_one_cm":21074,"minecraft:boat_one_cm":283631,"minecraft:jump":5100,"minecraft:walk_on_water_one_cm":23103,"minecraft:total_world_time":261752,"minecraft:interact_with_furnace":70,"minecraft:sleep_in_bed":3,"minecraft:time_since_rest":32824,"minecraft:damage_taken":13603,"minecraft:trigger_trapped_chest":4,"minecraft:damage_dealt":23722,"minecraft:player_kills":1,"minecraft:swim_one_cm":14944,"minecraft:fly_one_cm":1064950,"minecraft:open_chest":7,"minecraft:crouch_one_cm":90015,"minecraft:fall_one_cm":154529,"minecraft:horse_one_cm":434},"minecraft:crafted":{"minecraft:wooden_sword":1,"minecraft:oak_planks":98,"minecraft:leather_boots":1,"minecraft:furnace":1,"iceandfire:lectern":1,"minecraft:cooked_mutton":4,"minecraft:diamond":9,"minecraft:iron_boots":1,"sophisticatedbackpacks:copper_backpack":1,"minecraft:stone_pickaxe":1,"minecraft:chest":1,"sophisticatedbackpacks:iron_backpack":1,"gamma_beasts:cooked_bird_thigh":2,"minecraft:cooked_beef":9,"minecraft:diamond_sword":1,"sophisticatedbackpacks:backpack":1,"minecraft:cooked_porkchop":20,"minecraft:crafting_table":6,"minecraft:diamond_axe":1,"minecraft:wooden_pickaxe":1,"minecraft:iron_helmet":1,"minecraft:iron_sword":1,"minecraft:copper_ingot":8,"sophisticatedbackpacks:gold_backpack":1,"minecraft:stone_axe":1,"minecraft:air":0,"minecraft:oak_boat":1,"iceandfire:bestiary":1,"minecraft:white_wool":1,"minecraft:iron_chestplate":1,"minecraft:diamond_pickaxe":1,"minecraft:shield":2,"minecraft:stick":20,"minecraft:iron_ingot":26,"minecraft:iron_pickaxe":1,"minecraft:iron_shovel":1,"minecraft:iron_leggings":1,"minecraft:gold_ingot":8,"minecraft:white_bed":1,"minecraft:torch":4},"minecraft:picked_up":{"gamma_beasts:thin_oak_log":31,"minecraft:crafting_table":7,"minecraft:chicken":1,"gamma_beasts:fur":3,"minecraft:wither_rose":5,"gravestone:obituary":12,"iceandfire:manuscript":1,"minecraft:string":11,"minecraft:gold_nugget":150,"minecraft:beef":13,"minecraft:oak_boat":1,"minecraft:light_gray_wool":1,"minecraft:sugar_cane":5,"minecraft:furnace":9,"minecraft:stick":1,"minecraft:raw_iron":56,"iceandfire:dragonbone":10,"minecraft:porkchop":20,"minecraft:diorite":9,"iceandfire:dragon_skull_ice":1,"minecraft:weeping_vines":8,"minecraft:stone_sword":2,"minecraft:rotten_flesh":17,"minecraft:arrow":7,"minecraft:nether_bricks":1,"gamma_beasts:coal_nugget":16,"minecraft:blaze_rod":9,"minecraft:mutton":7,"minecraft:white_wool":2,"minecraft:cobblestone":98,"minecraft:pink_petals":7,"minecraft:magma_block":20,"minecraft:feather":2,"minecraft:basalt":12,"minecraft:leather":8,"gamma_beasts:prehnite":2,"gamma_beasts:bird_thigh":2,"minecraft:filled_map":1,"minecraft:oak_log":15,"gamma_beasts:green_apple":48,"gamma_beasts:oak_leaf":60,"minecraft:ancient_debris":2,"minecraft:nether_wart_block":2,"minecraft:gunpowder":2,"minecraft:lapis_lazuli":44,"minecraft:dirt":84,"minecraft:bone":19,"minecraft:apple":1,"minecraft:kelp":1,"minecraft:wheat_seeds":53,"minecraft:raw_gold":5,"minecraft:iron_ingot":10,"minecraft:cobweb":16,"minecraft:glass_bottle":1,"minecraft:oak_planks":1,"minecraft:ghast_tear":1,"minecraft:sand":70,"minecraft:white_bed":2,"minecraft:fermented_spider_eye":1,"minecraft:diamond_block":1,"minecraft:diamond":1,"minecraft:deepslate":3,"iceandfire:lectern":1,"iceandfire:fire_dragon_blood":1,"minecraft:granite":3,"minecraft:oak_sapling":2,"minecraft:netherrack":190,"minecraft:coal":138,"minecraft:crimson_roots":1,"iceandfire:raw_silver":1},"minecraft:dropped":{"minecraft:wheat_seeds":1,"minecraft:oak_log":1,"minecraft:cooked_porkchop":12,"minecraft:stick":3,"gamma_beasts:cooked_bird_thigh":1,"minecraft:crimson_roots":1,"gravestone:obituary":31,"minecraft:sand":1,"minecraft:fermented_spider_eye":1,"minecraft:pink_petals":7,"minecraft:furnace":1,"minecraft:kelp":1,"minecraft:stone_sword":1,"minecraft:rotten_flesh":9,"gamma_beasts:green_apple":9,"minecraft:filled_map":1,"iceandfire:manuscript":2}},"DataVersion":3465}