{"stats":{"minecraft:used":{"minecraft:oak_log":1,"minecraft:dirt":26,"minecraft:crafting_table":1,"gamma_beasts:green_apple":8,"gamma_beasts:thin_oak_log":7,"minecraft:rotten_flesh":2},"minecraft:crafted":{"minecraft:oak_planks":30,"minecraft:crafting_table":1,"minecraft:stick":4},"minecraft:dropped":{"gravestone:obituary":3,"minecraft:rotten_flesh":6},"minecraft:mined":{"gamma_beasts:thin_oak_log":30,"minecraft:grass":333,"minecraft:grass_block":21,"gamma_beasts:roble_hoja_1":9,"minecraft:dirt":5,"minecraft:tall_grass":2,"gamma_beasts:roblo_hoja":1,"gravestone:gravestone":2},"minecraft:picked_up":{"gamma_beasts:thin_oak_log":30,"minecraft:rotten_flesh":8,"minecraft:wheat_seeds":41,"gamma_beasts:green_apple":15,"gamma_beasts:oak_leaf":28,"gravestone:obituary":1,"minecraft:dirt":26},"minecraft:killed_by":{"minecraft:skeleton":1,"minecraft:zombie":1},"minecraft:custom":{"minecraft:time_since_rest":26474,"minecraft:crouch_one_cm":15670,"minecraft:sprint_one_cm":82363,"minecraft:play_time":42105,"minecraft:walk_one_cm":97801,"minecraft:damage_taken":765,"minecraft:deaths":2,"minecraft:sneak_time":4402,"minecraft:walk_under_water_one_cm":4286,"minecraft:drop":9,"minecraft:jump":530,"minecraft:damage_dealt":689,"minecraft:walk_on_water_one_cm":971,"minecraft:leave_game":5,"minecraft:time_since_death":26425,"minecraft:total_world_time":42105,"minecraft:swim_one_cm":533,"minecraft:interact_with_crafting_table":16,"minecraft:fall_one_cm":16101,"minecraft:fly_one_cm":163073}},"DataVersion":3465}