{"stats":{"minecraft:used":{"iceandfire:lectern":1,"minecraft:iron_shovel":79,"minecraft:stone_sword":124,"minecraft:flint_and_steel":2,"minecraft:shield":198,"gamma_beasts:green_apple":42,"minecraft:iron_sword":257,"minecraft:rotten_flesh":6,"minecraft:netherrack":217,"gamma_beasts:thin_oak_log":8,"minecraft:torch":61,"minecraft:dirt":66,"minecraft:nether_bricks":1,"minecraft:obsidian":6,"minecraft:bow":189,"minecraft:furnace":8,"minecraft:egg":1,"minecraft:cooked_beef":9,"minecraft:cooked_mutton":4,"minecraft:water_bucket":41,"minecraft:diorite":9,"minecraft:stone_pickaxe":53,"minecraft:oak_planks":28,"minecraft:wooden_pickaxe":23,"minecraft:diamond_axe":15,"minecraft:sand":1,"minecraft:crafting_table":13,"minecraft:white_bed":9,"minecraft:oak_log":2,"minecraft:diamond_pickaxe":344,"minecraft:apple":2,"iceandfire:dragonbone_sword_fire":257,"minecraft:iron_pickaxe":158,"gamma_beasts:cooked_bird_thigh":1,"iceandfire:chared_cobblestone":4,"minecraft:stone_axe":80,"minecraft:nether_wart_block":2,"minecraft:diamond_sword":85,"minecraft:wooden_sword":62,"minecraft:potion":1,"minecraft:cobblestone":81,"minecraft:cooked_porkchop":93,"minecraft:bucket":41,"minecraft:oak_boat":1,"minecraft:wither_rose":1,"minecraft:cobweb":8},"minecraft:broken":{"minecraft:stone_sword":1,"minecraft:iron_boots":2,"minecraft:iron_chestplate":2,"minecraft:iron_leggings":1,"minecraft:shield":3,"minecraft:wooden_sword":1,"minecraft:leather_boots":1,"minecraft:stone_axe":1,"minecraft:iron_sword":1,"minecraft:iron_helmet":2},"minecraft:killed_by":{"minecraft:player":4,"iceandfire:cyclops":4,"gamma_beasts:dogishi_a":2,"minecraft:skeleton":1,"minecraft:blaze":1,"minecraft:zombie":15,"gamma_beasts:sppinto_a":1,"iceandfire:ghost":1,"gamma_beasts:diamond_golem_a":4,"iceandfire:fire_dragon":53},"minecraft:killed":{"minecraft:spider":3,"minecraft:skeleton":10,"iceandfire:fire_dragon":5,"gamma_beasts:spider_c":1,"gamma_beasts:crasu_c":1,"minecraft:chicken":1,"minecraft:drowned":3,"gamma_beasts:diamond_golem_c":2,"gamma_beasts:dogishi_c":1,"minecraft:magma_cube":5,"minecraft:piglin":3,"minecraft:pig":7,"iceandfire:cyclops":1,"minecraft:creeper":1,"minecraft:sheep":3,"gamma_beasts:diamond_golem_a":2,"minecraft:zombie":26,"iceandfire:ghost":10,"minecraft:ghast":1,"gamma_beasts:crasu_a":1,"gamma_beasts:spider_a":1,"minecraft:wither_skeleton":1,"minecraft:blaze":18,"minecraft:cow":9},"minecraft:mined":{"minecraft:nether_gold_ore":40,"minecraft:deepslate_tiles":1,"minecraft:diamond_ore":1,"minecraft:white_bed":7,"gamma_beasts:roble_hoja_1":17,"iceandfire:graveyard_soil":1,"iceandfire:silver_ore":1,"minecraft:dark_oak_leaves":7,"gamma_beasts:roblo_hoja":5,"minecraft:obsidian":1,"minecraft:glow_lichen":1,"minecraft:nether_bricks":7,"gravestone:gravestone":71,"minecraft:granite":3,"minecraft:grass_block":36,"minecraft:crimson_roots":1,"minecraft:weeping_vines":2,"iceandfire:lectern":1,"iceandfire:chared_dirt":1,"minecraft:spruce_leaves":1,"minecraft:spawner":2,"minecraft:hay_block":18,"minecraft:weeping_vines_plant":10,"minecraft:tall_seagrass":1,"minecraft:magma_block":20,"minecraft:glowstone":5,"minecraft:furnace":7,"minecraft:carrots":7,"minecraft:iron_ore":46,"minecraft:fire":78,"gamma_beasts:prehnite_ore":2,"minecraft:nether_brick_fence":1,"iceandfire:gold_pile":10,"minecraft:vine":1,"minecraft:stone":87,"iceandfire:chared_cobblestone":7,"gamma_beasts:red_maple_leaves":7,"minecraft:basalt":13,"minecraft:dandelion":1,"minecraft:powder_snow":27,"minecraft:crafting_table":7,"iceandfire:ghost_chest":1,"minecraft:nether_quartz_ore":2,"minecraft:tall_grass":32,"minecraft:cobblestone":6,"minecraft:lapis_ore":7,"minecraft:sugar_cane":2,"minecraft:diorite":8,"minecraft:pink_petals":4,"minecraft:nether_wart_block":2,"minecraft:birch_leaves":6,"minecraft:wither_rose":4,"gamma_beasts:thin_oak_log":31,"minecraft:grass":510,"minecraft:oak_log":14,"minecraft:coal_ore":47,"minecraft:gravel":2,"minecraft:sand":69,"minecraft:dirt":22,"minecraft:cobweb":11,"iceandfire:chared_stone":8,"minecraft:netherrack":247,"minecraft:ancient_debris":2,"minecraft:gold_ore":5,"minecraft:oak_leaves":10},"minecraft:custom":{"minecraft:mob_kills":118,"minecraft:interact_with_crafting_table":73,"minecraft:damage_dealt_resisted":40,"minecraft:leave_game":13,"minecraft:time_since_death":10061,"minecraft:climb_one_cm":20,"minecraft:sprint_one_cm":1059512,"minecraft:walk_one_cm":784203,"minecraft:damage_blocked_by_shield":5325,"minecraft:drop":211,"minecraft:damage_dealt_absorbed":240,"minecraft:play_time":387752,"minecraft:sneak_time":30209,"minecraft:deaths":93,"minecraft:walk_under_water_one_cm":40562,"minecraft:boat_one_cm":283631,"minecraft:jump":7272,"minecraft:walk_on_water_one_cm":67870,"minecraft:total_world_time":387752,"minecraft:interact_with_furnace":70,"minecraft:sleep_in_bed":9,"minecraft:time_since_rest":2873,"minecraft:damage_taken":32972,"minecraft:trigger_trapped_chest":4,"minecraft:damage_dealt":36207,"minecraft:player_kills":2,"minecraft:swim_one_cm":38891,"minecraft:fly_one_cm":2196001,"minecraft:open_chest":64,"minecraft:crouch_one_cm":101038,"minecraft:fall_one_cm":239248,"minecraft:horse_one_cm":434},"minecraft:crafted":{"minecraft:wooden_sword":1,"minecraft:oak_planks":98,"minecraft:leather_boots":1,"iceandfire:dragonbone_sword_fire":1,"minecraft:furnace":1,"iceandfire:lectern":1,"minecraft:cooked_mutton":4,"minecraft:diamond":9,"minecraft:iron_boots":1,"sophisticatedbackpacks:copper_backpack":1,"minecraft:stone_pickaxe":1,"minecraft:chest":1,"sophisticatedbackpacks:iron_backpack":1,"gamma_beasts:cooked_bird_thigh":2,"minecraft:cooked_beef":9,"iceandfire:dragonbone_sword":1,"minecraft:diamond_sword":1,"sophisticatedbackpacks:backpack":1,"minecraft:cooked_porkchop":20,"minecraft:crafting_table":6,"minecraft:diamond_axe":1,"minecraft:wooden_pickaxe":1,"minecraft:iron_helmet":1,"minecraft:iron_sword":1,"minecraft:copper_ingot":8,"sophisticatedbackpacks:gold_backpack":1,"minecraft:stone_axe":1,"minecraft:air":0,"minecraft:oak_boat":1,"iceandfire:bestiary":1,"minecraft:white_wool":1,"minecraft:iron_chestplate":1,"minecraft:diamond_pickaxe":1,"minecraft:shield":2,"minecraft:stick":20,"minecraft:iron_ingot":26,"minecraft:iron_pickaxe":1,"minecraft:iron_shovel":1,"minecraft:iron_leggings":1,"minecraft:gold_ingot":25,"minecraft:white_bed":1,"minecraft:torch":4},"minecraft:picked_up":{"sophisticatedbackpacks:gold_backpack":1,"gamma_beasts:thin_oak_log":33,"minecraft:crafting_table":8,"minecraft:nether_brick_fence":2,"iceandfire:witherbone":1,"minecraft:chicken":1,"gamma_beasts:fur":5,"minecraft:wither_rose":5,"gravestone:obituary":22,"iceandfire:manuscript":1,"minecraft:string":11,"minecraft:flint_and_steel":1,"minecraft:blackstone":13,"minecraft:gold_nugget":305,"minecraft:beef":13,"minecraft:oak_boat":1,"minecraft:light_gray_wool":1,"minecraft:sugar_cane":5,"minecraft:egg":1,"minecraft:furnace":9,"iceandfire:dragonscales_gray":68,"minecraft:stick":1,"minecraft:raw_iron":56,"iceandfire:dragonbone":27,"minecraft:torch":2,"minecraft:fire_charge":1,"minecraft:porkchop":21,"minecraft:diorite":9,"minecraft:carrot":15,"iceandfire:dragon_skull_ice":1,"iceandfire:cyclops_eye":1,"minecraft:weeping_vines":10,"minecraft:stone_sword":2,"minecraft:rotten_flesh":18,"minecraft:arrow":43,"minecraft:nether_bricks":1,"iceandfire:chared_dirt":1,"minecraft:hay_block":17,"iceandfire:fire_dragon_heart":1,"gamma_beasts:coal_nugget":16,"minecraft:gold_ingot":10,"minecraft:blaze_rod":9,"minecraft:obsidian":3,"minecraft:mutton":8,"minecraft:white_wool":6,"minecraft:cobblestone":104,"iceandfire:dragonegg_green":1,"minecraft:pink_petals":7,"minecraft:magma_block":20,"minecraft:feather":2,"minecraft:basalt":12,"minecraft:leather":15,"gamma_beasts:prehnite":2,"gamma_beasts:bird_thigh":2,"minecraft:filled_map":1,"minecraft:oak_log":17,"gamma_beasts:green_apple":51,"gamma_beasts:oak_leaf":63,"minecraft:ancient_debris":2,"iceandfire:dragonegg_gray":1,"minecraft:nether_wart_block":2,"minecraft:gunpowder":2,"minecraft:lapis_lazuli":44,"minecraft:dirt":86,"minecraft:cooked_mutton":3,"minecraft:bone":21,"minecraft:apple":2,"minecraft:kelp":1,"minecraft:wheat_seeds":93,"minecraft:raw_gold":5,"minecraft:iron_ingot":10,"minecraft:cobweb":16,"minecraft:glass_bottle":1,"iceandfire:fire_dragon_flesh":2,"minecraft:oak_planks":1,"minecraft:soul_sand":4,"iceandfire:chared_stone":4,"minecraft:ghast_tear":1,"minecraft:dandelion":10,"iceandfire:ash":1,"iceandfire:dragon_skull_fire":2,"minecraft:gravel":14,"minecraft:quartz":9,"minecraft:sand":70,"minecraft:crying_obsidian":2,"minecraft:white_bed":9,"minecraft:fermented_spider_eye":1,"minecraft:diamond_block":2,"iceandfire:chared_cobblestone":6,"minecraft:diamond":3,"minecraft:deepslate":6,"iceandfire:lectern":1,"iceandfire:fire_dragon_blood":1,"minecraft:granite":3,"minecraft:oak_sapling":2,"minecraft:netherrack":233,"minecraft:coal":139,"minecraft:crimson_roots":1,"iceandfire:raw_silver":1,"minecraft:ender_pearl":4},"minecraft:dropped":{"iceandfire:chared_stone":4,"minecraft:porkchop":1,"minecraft:soul_sand":4,"minecraft:wheat_seeds":24,"gamma_beasts:oak_leaf":2,"minecraft:oak_log":1,"minecraft:cooked_porkchop":12,"minecraft:cobblestone":2,"minecraft:leather":1,"minecraft:stick":3,"gamma_beasts:cooked_bird_thigh":1,"minecraft:torch":3,"minecraft:mutton":1,"minecraft:crimson_roots":1,"minecraft:gold_nugget":1,"gravestone:obituary":91,"iceandfire:ash":1,"minecraft:sand":1,"minecraft:fermented_spider_eye":1,"minecraft:pink_petals":7,"minecraft:white_wool":1,"iceandfire:dragonegg_gray":1,"minecraft:dandelion":6,"minecraft:gold_ingot":27,"minecraft:gravel":14,"minecraft:furnace":1,"minecraft:kelp":1,"minecraft:stone_sword":1,"minecraft:deepslate":3,"minecraft:obsidian":10,"minecraft:rotten_flesh":10,"minecraft:white_bed":1,"minecraft:nether_brick_fence":2,"gamma_beasts:green_apple":9,"minecraft:filled_map":1,"minecraft:gunpowder":2,"iceandfire:chared_cobblestone":2,"minecraft:ghast_tear":1,"minecraft:quartz":9,"gamma_beasts:fur":1,"iceandfire:manuscript":2}},"DataVersion":3465}