{"stats":{"minecraft:picked_up":{"gamma_beasts:thin_oak_log":31,"minecraft:crafting_table":2,"minecraft:leather":1,"gamma_beasts:fur":2,"gamma_beasts:prehnite":2,"gamma_beasts:bird_thigh":2,"gamma_beasts:green_apple":48,"minecraft:oak_log":14,"gamma_beasts:oak_leaf":60,"gravestone:obituary":2,"minecraft:lapis_lazuli":44,"minecraft:dirt":57,"minecraft:bone":8,"minecraft:apple":1,"minecraft:wheat_seeds":46,"minecraft:raw_gold":5,"minecraft:iron_ingot":6,"minecraft:beef":6,"minecraft:furnace":6,"minecraft:raw_iron":52,"minecraft:porkchop":3,"minecraft:diorite":7,"minecraft:arrow":4,"minecraft:rotten_flesh":11,"gamma_beasts:coal_nugget":10,"minecraft:oak_sapling":1,"minecraft:mutton":4,"minecraft:coal":122,"minecraft:white_wool":1,"iceandfire:raw_silver":1,"minecraft:cobblestone":66},"minecraft:dropped":{"minecraft:furnace":1,"minecraft:oak_log":1,"minecraft:rotten_flesh":7,"gamma_beasts:green_apple":9,"gamma_beasts:cooked_bird_thigh":1,"gravestone:obituary":5},"minecraft:custom":{"minecraft:interact_with_furnace":33,"minecraft:mob_kills":15,"minecraft:interact_with_crafting_table":39,"minecraft:leave_game":12,"minecraft:time_since_death":48528,"minecraft:time_since_rest":48557,"minecraft:sprint_one_cm":281633,"minecraft:damage_taken":4342,"minecraft:walk_one_cm":267037,"minecraft:damage_blocked_by_shield":475,"minecraft:drop":24,"minecraft:damage_dealt":3778,"minecraft:swim_one_cm":3332,"minecraft:fly_one_cm":317286,"minecraft:crouch_one_cm":45988,"minecraft:play_time":111953,"minecraft:deaths":13,"minecraft:sneak_time":14194,"minecraft:walk_under_water_one_cm":12429,"minecraft:jump":1611,"minecraft:walk_on_water_one_cm":2706,"minecraft:total_world_time":111953,"minecraft:fall_one_cm":36517,"minecraft:horse_one_cm":434},"minecraft:mined":{"gamma_beasts:roble_hoja_1":17,"gamma_beasts:red_maple_leaves":7,"iceandfire:silver_ore":1,"gamma_beasts:roblo_hoja":5,"minecraft:crafting_table":1,"minecraft:glow_lichen":1,"gravestone:gravestone":5,"minecraft:grass_block":27,"minecraft:tall_grass":2,"minecraft:cobblestone":6,"minecraft:lapis_ore":7,"minecraft:diorite":8,"minecraft:furnace":4,"minecraft:iron_ore":42,"gamma_beasts:prehnite_ore":2,"gamma_beasts:thin_oak_log":31,"minecraft:grass":377,"minecraft:oak_log":13,"minecraft:coal_ore":31,"minecraft:sand":1,"minecraft:dirt":13,"minecraft:stone":50,"minecraft:gold_ore":5,"minecraft:oak_leaves":7},"minecraft:broken":{"minecraft:wooden_sword":1},"minecraft:crafted":{"gamma_beasts:cooked_bird_thigh":2,"minecraft:cooked_beef":6,"minecraft:wooden_sword":1,"minecraft:oak_planks":98,"minecraft:cooked_porkchop":3,"minecraft:crafting_table":5,"minecraft:wooden_pickaxe":1,"minecraft:iron_helmet":1,"minecraft:iron_sword":1,"minecraft:furnace":1,"minecraft:stone_axe":1,"minecraft:air":0,"minecraft:iron_boots":1,"minecraft:iron_chestplate":1,"minecraft:shield":1,"minecraft:stick":12,"minecraft:iron_ingot":26,"minecraft:iron_pickaxe":1,"minecraft:stone_pickaxe":1,"minecraft:iron_leggings":1,"minecraft:torch":4},"minecraft:killed_by":{"minecraft:skeleton":1,"minecraft:zombie":12},"minecraft:killed":{"minecraft:pig":1,"minecraft:creeper":1,"minecraft:sheep":1,"minecraft:skeleton":3,"minecraft:zombie":3,"minecraft:chicken":1,"gamma_beasts:crasu_c":1,"gamma_beasts:crasu_a":1,"minecraft:cow":3},"minecraft:used":{"minecraft:stone_pickaxe":53,"minecraft:wooden_pickaxe":23,"minecraft:shield":18,"gamma_beasts:green_apple":39,"minecraft:iron_sword":25,"minecraft:rotten_flesh":3,"gamma_beasts:thin_oak_log":8,"minecraft:torch":4,"minecraft:dirt":52,"minecraft:crafting_table":6,"minecraft:oak_log":1,"minecraft:apple":1,"minecraft:iron_pickaxe":83,"gamma_beasts:cooked_bird_thigh":1,"minecraft:stone_axe":23,"minecraft:wooden_sword":62,"minecraft:cobblestone":35,"minecraft:furnace":5,"minecraft:cooked_porkchop":1,"minecraft:cooked_beef":1}},"DataVersion":3465}