{"stats":{"minecraft:crafted":{"minecraft:oak_planks":2},"minecraft:custom":{"minecraft:jump":61,"minecraft:time_since_rest":7193,"minecraft:crouch_one_cm":10,"minecraft:leave_game":2,"minecraft:play_time":7193,"minecraft:sprint_one_cm":6862,"minecraft:time_since_death":7193,"minecraft:walk_one_cm":5936,"minecraft:sneak_time":105,"minecraft:total_world_time":7193,"minecraft:fall_one_cm":1254,"minecraft:fly_one_cm":69635},"minecraft:picked_up":{"gamma_beasts:thin_oak_log":1,"minecraft:wheat_seeds":1},"minecraft:mined":{"gamma_beasts:thin_oak_log":1,"minecraft:grass":8},"minecraft:used":{"minecraft:oak_log":1}},"DataVersion":3465}