{"stats":{"minecraft:killed":{"gamma_beasts:crasu_c":1,"gamma_beasts:crasu_a":1},"minecraft:used":{"minecraft:oak_log":1,"gamma_beasts:green_apple":13,"minecraft:rotten_flesh":2,"gamma_beasts:thin_oak_log":8,"minecraft:wooden_sword":11,"minecraft:dirt":26,"minecraft:crafting_table":2},"minecraft:crafted":{"minecraft:wooden_sword":1,"minecraft:oak_planks":30,"minecraft:crafting_table":2,"minecraft:stick":4},"minecraft:dropped":{"minecraft:rotten_flesh":6,"gravestone:obituary":3},"minecraft:mined":{"gamma_beasts:roble_hoja_1":17,"gamma_beasts:roblo_hoja":5,"gravestone:gravestone":2,"gamma_beasts:thin_oak_log":31,"minecraft:grass":353,"minecraft:grass_block":21,"minecraft:dirt":5,"minecraft:tall_grass":2},"minecraft:picked_up":{"gamma_beasts:thin_oak_log":31,"gamma_beasts:fur":2,"gamma_beasts:bird_thigh":2,"gamma_beasts:green_apple":48,"gamma_beasts:oak_leaf":60,"gravestone:obituary":1,"minecraft:dirt":26,"minecraft:rotten_flesh":8,"minecraft:wheat_seeds":43},"minecraft:killed_by":{"minecraft:skeleton":1,"minecraft:zombie":1},"minecraft:custom":{"minecraft:time_since_rest":35101,"minecraft:sprint_one_cm":97595,"minecraft:damage_taken":765,"minecraft:walk_one_cm":100791,"minecraft:mob_kills":2,"minecraft:drop":9,"minecraft:damage_dealt":1252,"minecraft:swim_one_cm":533,"minecraft:interact_with_crafting_table":18,"minecraft:fly_one_cm":172333,"minecraft:crouch_one_cm":17480,"minecraft:play_time":50732,"minecraft:deaths":2,"minecraft:sneak_time":5527,"minecraft:walk_under_water_one_cm":4286,"minecraft:jump":578,"minecraft:leave_game":6,"minecraft:time_since_death":35052,"minecraft:walk_on_water_one_cm":971,"minecraft:total_world_time":50732,"minecraft:fall_one_cm":17206}},"DataVersion":3465}