{"stats":{"minecraft:used":{"minecraft:oak_log":1},"minecraft:crafted":{"minecraft:oak_planks":2},"minecraft:mined":{"gamma_beasts:thin_oak_log":1,"minecraft:grass":54,"gamma_beasts:roble_hoja_1":6,"gamma_beasts:roblo_hoja":1},"minecraft:picked_up":{"gamma_beasts:thin_oak_log":1,"minecraft:wheat_seeds":4,"gamma_beasts:green_apple":3,"gamma_beasts:oak_leaf":6},"minecraft:killed_by":{"minecraft:skeleton":1,"minecraft:zombie":1},"minecraft:custom":{"minecraft:time_since_rest":2474,"minecraft:crouch_one_cm":5037,"minecraft:sprint_one_cm":18248,"minecraft:play_time":18105,"minecraft:walk_one_cm":25120,"minecraft:damage_taken":540,"minecraft:deaths":2,"minecraft:sneak_time":1054,"minecraft:jump":112,"minecraft:damage_dealt":48,"minecraft:leave_game":5,"minecraft:time_since_death":2425,"minecraft:total_world_time":18105,"minecraft:fall_one_cm":2717,"minecraft:fly_one_cm":78809}},"DataVersion":3465}