{"stats":{"minecraft:dropped":{"iceandfire:chared_stone":4,"minecraft:soul_sand":4,"minecraft:porkchop":1,"minecraft:oak_log":1,"minecraft:cooked_porkchop":70,"minecraft:weeping_vines":9,"minecraft:leather":13,"sophisticatedbackpacks:gold_backpack":1,"gamma_beasts:cooked_bird_thigh":1,"minecraft:cornflower":2,"minecraft:mutton":3,"minecraft:crimson_roots":1,"gravestone:obituary":93,"minecraft:gold_nugget":1,"iceandfire:ash":1,"minecraft:sand":1,"minecraft:fermented_spider_eye":1,"minecraft:white_wool":1,"minecraft:gold_ingot":27,"minecraft:gravel":14,"minecraft:obsidian":10,"minecraft:rotten_flesh":10,"minecraft:oak_planks":6,"minecraft:nether_brick_fence":2,"minecraft:azure_bluet":2,"minecraft:white_bed":1,"gamma_beasts:golden_berries":65,"minecraft:gunpowder":2,"minecraft:birch_trapdoor":2,"vanillaplustools:stone_hammer":1,"iceandfire:dragon_meal":9,"minecraft:ghast_tear":1,"minecraft:quartz":9,"gamma_beasts:fur":1,"iceandfire:manuscript":2,"minecraft:water_bucket":1,"minecraft:iron_ingot":33,"minecraft:wheat_seeds":38,"gamma_beasts:oak_leaf":5,"minecraft:iron_helmet":1,"minecraft:cobblestone":13,"vanillaplustools:iron_shovel":1,"minecraft:stick":3,"minecraft:torch":3,"minecraft:iron_shovel":1,"minecraft:pink_petals":7,"iceandfire:dragonegg_gray":1,"minecraft:dandelion":10,"minecraft:furnace":1,"minecraft:kelp":1,"minecraft:soul_soil":1,"minecraft:stone_sword":1,"minecraft:deepslate":3,"minecraft:iron_boots":1,"gamma_beasts:green_apple":9,"iceandfire:dragonegg_black":1,"minecraft:filled_map":1,"iceandfire:chared_cobblestone":2,"minecraft:iron_chestplate":1,"minecraft:spruce_log":174,"minecraft:stone_pickaxe":1},"minecraft:killed":{"minecraft:spider":4,"minecraft:skeleton":18,"gamma_beasts:crasu_c":1,"minecraft:chicken":1,"gamma_beasts:diamond_golem_c":2,"minecraft:magma_cube":5,"minecraft:piglin":3,"minecraft:pig":12,"minecraft:salmon":2,"minecraft:iron_golem":1,"minecraft:creeper":2,"minecraft:sheep":27,"minecraft:pillager":1,"minecraft:zombie":32,"gamma_beasts:crasu_a":1,"minecraft:ghast":1,"gamma_beasts:spider_a":1,"minecraft:blaze":18,"minecraft:cow":10,"iceandfire:fire_dragon":7,"gamma_beasts:spider_c":1,"minecraft:drowned":3,"gamma_beasts:dogishi_c":1,"iceandfire:cyclops":1,"gamma_beasts:diamond_golem_a":2,"iceandfire:ghost":12,"minecraft:wither_skeleton":1},"minecraft:crafted":{"minecraft:oak_planks":232,"minecraft:blaze_powder":4,"minecraft:birch_boat":1,"iceandfire:lectern":1,"minecraft:cooked_mutton":4,"minecraft:iron_boots":2,"sophisticatedbackpacks:copper_backpack":1,"minecraft:chest":14,"minecraft:ender_eye":4,"minecraft:oak_fence":33,"sophisticatedbackpacks:backpack":1,"minecraft:cooked_porkchop":20,"minecraft:diamond_axe":1,"minecraft:crafting_table":9,"minecraft:spruce_planks":64,"minecraft:wooden_pickaxe":1,"minecraft:iron_helmet":2,"minecraft:copper_ingot":8,"minecraft:gold_block":3,"minecraft:birch_planks":28,"minecraft:iron_chestplate":2,"minecraft:diamond_pickaxe":1,"minecraft:shield":2,"sophisticatedbackpacks:diamond_backpack":1,"minecraft:stick":116,"minecraft:iron_pickaxe":1,"minecraft:iron_ingot":26,"minecraft:gold_ingot":35,"iceandfire:dragon_horn":1,"iceandfire:gold_pile":26,"minecraft:wooden_sword":1,"vanillaplustools:stone_hammer":2,"minecraft:leather_boots":1,"iceandfire:dragonbone_sword_fire":1,"vanillaplustools:iron_shovel":1,"iceandfire:dragon_stick":1,"minecraft:furnace":1,"minecraft:bone_meal":558,"minecraft:diamond":9,"minecraft:stone_pickaxe":19,"minecraft:wheat":153,"sophisticatedbackpacks:iron_backpack":1,"gamma_beasts:cooked_bird_thigh":2,"minecraft:cooked_beef":9,"iceandfire:dragonbone_sword":1,"minecraft:diamond_sword":1,"iceandfire:dragon_meal":21,"minecraft:iron_sword":1,"sophisticatedbackpacks:gold_backpack":1,"minecraft:stone_axe":1,"minecraft:air":0,"minecraft:bread":51,"minecraft:oak_boat":1,"iceandfire:bestiary":1,"minecraft:white_wool":1,"minecraft:birch_trapdoor":2,"minecraft:iron_shovel":13,"minecraft:iron_leggings":2,"minecraft:white_bed":3,"minecraft:torch":24},"minecraft:mined":{"gamma_beasts:roble_hoja_1":18,"minecraft:white_bed":23,"iceandfire:graveyard_soil":1,"minecraft:cobblestone_stairs":1,"minecraft:obsidian":1,"minecraft:granite":3,"minecraft:grass_block":712,"iceandfire:lectern":1,"minecraft:soul_soil":41,"minecraft:composter":1,"minecraft:spawner":2,"minecraft:weeping_vines_plant":10,"minecraft:tall_seagrass":2,"minecraft:magma_block":20,"minecraft:glowstone":5,"minecraft:iron_ore":46,"minecraft:fire":93,"minecraft:azure_bluet":1,"minecraft:water_cauldron":4,"iceandfire:gold_pile":11,"minecraft:dirt_path":33,"minecraft:oak_stairs":19,"iceandfire:chared_cobblestone":7,"gamma_beasts:red_maple_leaves":7,"minecraft:powder_snow":27,"minecraft:torch":1,"iceandfire:ghost_chest":1,"minecraft:chest":8,"minecraft:nether_quartz_ore":9,"minecraft:cobblestone":49,"minecraft:oak_planks":16,"minecraft:sugar_cane":2,"minecraft:wall_torch":1,"minecraft:pink_petals":4,"minecraft:seagrass":1,"minecraft:nether_wart_block":2,"minecraft:birch_log":6,"minecraft:wither_rose":4,"minecraft:grass":628,"minecraft:oak_log":105,"minecraft:sand":69,"minecraft:dirt":910,"minecraft:stonecutter":1,"minecraft:netherrack":357,"minecraft:ancient_debris":2,"minecraft:oak_leaves":45,"iceandfire:chared_stone":8,"minecraft:nether_gold_ore":40,"minecraft:deepslate_tiles":1,"minecraft:diamond_ore":1,"iceandfire:silver_ore":1,"minecraft:mossy_cobblestone":1,"minecraft:dark_oak_leaves":7,"minecraft:oak_door":1,"minecraft:stripped_birch_log":1,"gamma_beasts:roblo_hoja":5,"minecraft:glow_lichen":1,"gravestone:gravestone":73,"minecraft:nether_bricks":7,"minecraft:crimson_roots":1,"minecraft:weeping_vines":2,"iceandfire:chared_dirt":1,"minecraft:spruce_leaves":78,"minecraft:cartography_table":1,"minecraft:hay_block":18,"minecraft:furnace":7,"minecraft:carrots":7,"gamma_beasts:prehnite_ore":2,"minecraft:gold_block":1,"minecraft:nether_brick_fence":1,"minecraft:vine":1,"minecraft:stone":542,"minecraft:bone_block":34,"minecraft:white_wool":2,"minecraft:oak_slab":9,"minecraft:glass_pane":1,"minecraft:soul_sand":5,"minecraft:basalt":13,"minecraft:dandelion":3,"minecraft:oak_fence":8,"minecraft:crafting_table":12,"minecraft:cornflower":2,"minecraft:tall_grass":58,"minecraft:lapis_ore":7,"minecraft:diorite":10,"minecraft:cobblestone_wall":2,"minecraft:spruce_log":453,"minecraft:birch_leaves":6,"minecraft:yellow_bed":4,"gamma_beasts:thin_oak_log":54,"minecraft:coal_ore":47,"minecraft:gravel":3,"minecraft:cobweb":11,"minecraft:gold_ore":5},"minecraft:picked_up":{"gamma_beasts:thin_oak_log":56,"minecraft:chainmail_boots":1,"minecraft:nether_brick_fence":2,"minecraft:yellow_wool":1,"gamma_beasts:fur":5,"minecraft:oak_stairs":19,"minecraft:wither_rose":5,"iceandfire:manuscript":1,"minecraft:string":11,"minecraft:soul_soil":2,"minecraft:gold_nugget":307,"minecraft:ender_eye":2,"minecraft:furnace":9,"minecraft:stick":33,"minecraft:composter":1,"minecraft:oak_fence":7,"minecraft:torch":23,"minecraft:porkchop":34,"minecraft:diorite":11,"minecraft:cauldron":4,"minecraft:cactus":2,"minecraft:stone_sword":2,"minecraft:rotten_flesh":22,"iceandfire:fire_dragon_heart":1,"gamma_beasts:coal_nugget":16,"minecraft:blaze_rod":9,"minecraft:obsidian":3,"minecraft:cobblestone":668,"minecraft:birch_log":6,"minecraft:pink_petals":7,"minecraft:magma_block":20,"minecraft:feather":2,"minecraft:cooked_beef":11,"minecraft:water_bucket":1,"gamma_beasts:prehnite":2,"gamma_beasts:oak_leaf":66,"minecraft:stripped_birch_log":1,"minecraft:lapis_lazuli":44,"minecraft:dirt":1482,"minecraft:bone":23,"minecraft:stonecutter":1,"minecraft:bow":1,"minecraft:wheat_seeds":121,"minecraft:raw_gold":5,"iceandfire:dragon_meal":64,"minecraft:oak_planks":23,"minecraft:ghast_tear":1,"minecraft:cooked_porkchop":116,"iceandfire:dragon_skull_fire":2,"minecraft:sand":70,"minecraft:fermented_spider_eye":1,"minecraft:diamond_block":2,"minecraft:mossy_cobblestone":1,"iceandfire:chared_cobblestone":6,"minecraft:diamond":3,"minecraft:deepslate":6,"iceandfire:fire_dragon_blood":1,"iceandfire:lectern":1,"minecraft:granite":3,"minecraft:oak_sapling":9,"minecraft:netherrack":323,"minecraft:crimson_roots":1,"iceandfire:raw_silver":2,"iceandfire:dragon_skull_lightning":1,"sophisticatedbackpacks:gold_backpack":2,"minecraft:crafting_table":14,"minecraft:azure_bluet":2,"iceandfire:witherbone":1,"minecraft:chicken":1,"minecraft:gold_block":1,"gravestone:obituary":22,"minecraft:shield":1,"minecraft:cornflower":2,"minecraft:flint_and_steel":1,"minecraft:blackstone":13,"minecraft:cartography_table":1,"minecraft:beef":13,"minecraft:oak_boat":1,"minecraft:light_gray_wool":1,"minecraft:sugar_cane":5,"minecraft:chest":8,"minecraft:egg":1,"minecraft:raw_iron":56,"iceandfire:dragonbone":41,"iceandfire:dragonscales_gray":68,"minecraft:oak_door":1,"minecraft:fire_charge":1,"minecraft:carrot":15,"iceandfire:dragon_skull_ice":1,"iceandfire:cyclops_eye":1,"minecraft:arrow":49,"minecraft:weeping_vines":10,"minecraft:nether_bricks":1,"iceandfire:chared_dirt":1,"minecraft:hay_block":17,"minecraft:gold_ingot":10,"minecraft:mutton":36,"minecraft:bone_block":33,"minecraft:white_wool":29,"iceandfire:dragonegg_green":1,"minecraft:basalt":12,"minecraft:leather":26,"minecraft:filled_map":1,"gamma_beasts:bird_thigh":2,"iceandfire:ectoplasm":1,"minecraft:cobblestone_wall":2,"minecraft:yellow_bed":4,"minecraft:oak_log":107,"gamma_beasts:green_apple":51,"minecraft:ancient_debris":2,"iceandfire:dragonegg_gray":1,"minecraft:nether_wart_block":2,"minecraft:gunpowder":2,"minecraft:cobblestone_stairs":1,"minecraft:cooked_mutton":5,"minecraft:apple":3,"minecraft:kelp":1,"minecraft:iron_ingot":33,"minecraft:stone_pickaxe":1,"minecraft:cobweb":16,"minecraft:glass_bottle":1,"iceandfire:fire_dragon_flesh":2,"minecraft:soul_sand":4,"minecraft:oak_slab":9,"iceandfire:chared_stone":4,"iceandfire:dragonegg_black":4,"iceandfire:ash":1,"minecraft:quartz":10,"minecraft:dandelion":16,"minecraft:gravel":14,"minecraft:spruce_sapling":51,"minecraft:white_bed":24,"minecraft:spruce_log":457,"minecraft:crying_obsidian":2,"minecraft:black_wool":1,"minecraft:coal":144,"minecraft:ender_pearl":4},"minecraft:used":{"iceandfire:lectern":1,"minecraft:iron_shovel":752,"minecraft:chest":14,"minecraft:shield":243,"minecraft:iron_sword":257,"minecraft:rotten_flesh":6,"gamma_beasts:thin_oak_log":8,"minecraft:nether_bricks":1,"minecraft:weeping_vines":1,"iceandfire:dragonegg_green":1,"minecraft:obsidian":6,"vanillaplustools:iron_shovel":181,"minecraft:villager_spawn_egg":13,"minecraft:grass_block":8,"minecraft:bow":225,"minecraft:oak_sapling":7,"minecraft:furnace":8,"minecraft:gold_block":4,"minecraft:egg":1,"minecraft:diorite":9,"minecraft:stone_pickaxe":53,"minecraft:oak_planks":194,"minecraft:wooden_pickaxe":23,"minecraft:diamond_axe":668,"minecraft:white_wool":2,"minecraft:sand":1,"minecraft:bread":38,"iceandfire:chared_cobblestone":4,"minecraft:nether_wart_block":2,"minecraft:diamond_sword":85,"minecraft:wooden_sword":62,"minecraft:oak_boat":1,"minecraft:bone_meal":75,"minecraft:cobweb":8,"minecraft:oak_fence":3,"minecraft:stone_sword":124,"minecraft:flint_and_steel":16,"gamma_beasts:green_apple":42,"vanillaplustools:stone_hammer":60,"minecraft:netherrack":247,"minecraft:torch":70,"minecraft:dirt":185,"iceandfire:gold_pile":16,"minecraft:cooked_beef":9,"minecraft:cooked_mutton":4,"minecraft:water_bucket":63,"minecraft:birch_boat":1,"minecraft:crafting_table":23,"minecraft:white_bed":51,"minecraft:oak_log":2,"minecraft:ender_eye":4,"iceandfire:dragonegg_black":4,"minecraft:diamond_pickaxe":592,"minecraft:apple":2,"iceandfire:dragonbone_sword_fire":475,"minecraft:iron_pickaxe":158,"iceandfire:dragon_horn":3,"gamma_beasts:cooked_bird_thigh":1,"minecraft:spruce_sapling":28,"minecraft:stone_axe":80,"minecraft:cobblestone":164,"minecraft:potion":1,"minecraft:cooked_porkchop":119,"minecraft:bucket":63,"minecraft:yellow_bed":4,"minecraft:wither_rose":1,"minecraft:splash_potion":1},"minecraft:custom":{"minecraft:interact_with_crafting_table":114,"minecraft:leave_game":19,"minecraft:time_since_death":12124,"minecraft:sprint_one_cm":1505984,"minecraft:damage_blocked_by_shield":6645,"minecraft:drop":265,"minecraft:talked_to_villager":6,"minecraft:play_time":586754,"minecraft:deaths":97,"minecraft:jump":10560,"minecraft:walk_on_water_one_cm":104818,"minecraft:interact_with_furnace":70,"minecraft:sleep_in_bed":22,"minecraft:damage_dealt":48245,"minecraft:player_kills":5,"minecraft:crouch_one_cm":203318,"minecraft:horse_one_cm":434,"minecraft:mob_kills":177,"minecraft:damage_dealt_resisted":40,"minecraft:climb_one_cm":20,"minecraft:walk_one_cm":1209302,"minecraft:damage_dealt_absorbed":240,"minecraft:sneak_time":55633,"minecraft:walk_under_water_one_cm":49496,"minecraft:boat_one_cm":308786,"minecraft:total_world_time":586754,"minecraft:time_since_rest":12147,"minecraft:damage_taken":37792,"minecraft:trigger_trapped_chest":4,"minecraft:swim_one_cm":86661,"minecraft:fly_one_cm":3086471,"minecraft:open_chest":131,"minecraft:fall_one_cm":332610},"minecraft:killed_by":{"iceandfire:cyclops":4,"iceandfire:sea_serpent":2,"minecraft:blaze":1,"minecraft:zombie":15,"gamma_beasts:diamond_golem_a":4,"iceandfire:fire_dragon":54,"minecraft:player":4,"gamma_beasts:dogishi_a":2,"minecraft:skeleton":1,"gamma_beasts:sppinto_a":1,"iceandfire:ghost":2},"minecraft:broken":{"minecraft:iron_shovel":3,"minecraft:iron_boots":2,"minecraft:iron_chestplate":2,"minecraft:iron_leggings":1,"minecraft:wooden_sword":1,"minecraft:stone_axe":1,"minecraft:iron_sword":1,"minecraft:stone_sword":1,"minecraft:shield":4,"minecraft:leather_boots":1,"minecraft:iron_helmet":2}},"DataVersion":3465}