{"stats":{"minecraft:picked_up":{"gamma_beasts:thin_oak_log":31,"minecraft:crafting_table":3,"minecraft:leather":4,"gamma_beasts:fur":2,"gamma_beasts:prehnite":2,"gamma_beasts:bird_thigh":2,"gamma_beasts:green_apple":48,"minecraft:oak_log":15,"gamma_beasts:oak_leaf":60,"gravestone:obituary":2,"minecraft:lapis_lazuli":44,"minecraft:dirt":59,"minecraft:bone":8,"minecraft:apple":1,"minecraft:wheat_seeds":47,"minecraft:raw_gold":5,"minecraft:iron_ingot":6,"minecraft:beef":9,"minecraft:light_gray_wool":1,"minecraft:furnace":6,"minecraft:raw_iron":52,"iceandfire:dragonbone":10,"minecraft:porkchop":5,"minecraft:diorite":7,"iceandfire:dragon_skull_ice":1,"minecraft:arrow":4,"minecraft:rotten_flesh":13,"gamma_beasts:coal_nugget":10,"minecraft:oak_sapling":1,"minecraft:mutton":6,"minecraft:coal":122,"minecraft:white_wool":1,"iceandfire:raw_silver":1,"minecraft:cobblestone":66},"minecraft:dropped":{"minecraft:furnace":1,"minecraft:oak_log":1,"minecraft:rotten_flesh":7,"gamma_beasts:green_apple":9,"gamma_beasts:cooked_bird_thigh":1,"gravestone:obituary":5},"minecraft:custom":{"minecraft:interact_with_furnace":40,"minecraft:mob_kills":23,"minecraft:interact_with_crafting_table":42,"minecraft:leave_game":12,"minecraft:time_since_death":72528,"minecraft:time_since_rest":72557,"minecraft:sprint_one_cm":349401,"minecraft:damage_taken":4771,"minecraft:walk_one_cm":296572,"minecraft:damage_blocked_by_shield":835,"minecraft:drop":24,"minecraft:damage_dealt":6644,"minecraft:swim_one_cm":3551,"minecraft:fly_one_cm":389106,"minecraft:crouch_one_cm":50732,"minecraft:play_time":135953,"minecraft:deaths":13,"minecraft:sneak_time":16477,"minecraft:walk_under_water_one_cm":14246,"minecraft:boat_one_cm":99067,"minecraft:jump":2094,"minecraft:walk_on_water_one_cm":4675,"minecraft:total_world_time":135953,"minecraft:fall_one_cm":48534,"minecraft:horse_one_cm":434},"minecraft:mined":{"gamma_beasts:roble_hoja_1":17,"gamma_beasts:red_maple_leaves":7,"iceandfire:silver_ore":1,"minecraft:dark_oak_leaves":6,"gamma_beasts:roblo_hoja":5,"minecraft:powder_snow":27,"minecraft:crafting_table":2,"minecraft:glow_lichen":1,"gravestone:gravestone":5,"minecraft:grass_block":29,"minecraft:tall_grass":2,"minecraft:cobblestone":6,"minecraft:lapis_ore":7,"minecraft:diorite":8,"minecraft:furnace":4,"minecraft:iron_ore":42,"gamma_beasts:prehnite_ore":2,"minecraft:birch_leaves":4,"gamma_beasts:thin_oak_log":31,"minecraft:grass":384,"minecraft:oak_log":14,"minecraft:coal_ore":31,"minecraft:sand":1,"minecraft:dirt":14,"minecraft:stone":50,"minecraft:gold_ore":5,"minecraft:oak_leaves":9},"minecraft:broken":{"minecraft:wooden_sword":1},"minecraft:crafted":{"gamma_beasts:cooked_bird_thigh":2,"minecraft:cooked_beef":6,"minecraft:wooden_sword":1,"minecraft:oak_planks":98,"minecraft:cooked_porkchop":5,"minecraft:leather_boots":1,"minecraft:crafting_table":5,"minecraft:wooden_pickaxe":1,"minecraft:iron_helmet":1,"minecraft:iron_sword":1,"minecraft:furnace":1,"minecraft:stone_axe":1,"minecraft:cooked_mutton":4,"minecraft:air":0,"minecraft:iron_boots":1,"minecraft:iron_chestplate":1,"minecraft:shield":1,"minecraft:stick":12,"minecraft:iron_ingot":26,"minecraft:iron_pickaxe":1,"minecraft:stone_pickaxe":1,"minecraft:iron_leggings":1,"minecraft:torch":4},"minecraft:killed_by":{"minecraft:skeleton":1,"minecraft:zombie":12},"minecraft:killed":{"minecraft:pig":2,"minecraft:creeper":1,"minecraft:sheep":2,"minecraft:skeleton":4,"minecraft:zombie":5,"minecraft:chicken":1,"gamma_beasts:crasu_c":1,"gamma_beasts:crasu_a":1,"minecraft:cow":6},"minecraft:used":{"minecraft:stone_pickaxe":53,"minecraft:wooden_pickaxe":23,"minecraft:shield":26,"gamma_beasts:green_apple":39,"minecraft:iron_sword":102,"minecraft:rotten_flesh":5,"gamma_beasts:thin_oak_log":8,"minecraft:torch":4,"minecraft:dirt":52,"minecraft:crafting_table":7,"minecraft:oak_log":2,"minecraft:apple":1,"minecraft:iron_pickaxe":83,"gamma_beasts:cooked_bird_thigh":1,"minecraft:stone_axe":24,"minecraft:wooden_sword":62,"minecraft:cobblestone":52,"minecraft:furnace":6,"minecraft:cooked_porkchop":3,"minecraft:cooked_beef":4}},"DataVersion":3465}