{"stats":{"minecraft:crafted":{"minecraft:oak_planks":2},"minecraft:custom":{"minecraft:jump":76,"minecraft:time_since_rest":13965,"minecraft:crouch_one_cm":10,"minecraft:leave_game":5,"minecraft:play_time":13965,"minecraft:sprint_one_cm":12951,"minecraft:damage_taken":90,"minecraft:time_since_death":13965,"minecraft:walk_one_cm":12872,"minecraft:sneak_time":105,"minecraft:total_world_time":13965,"minecraft:fall_one_cm":1881,"minecraft:fly_one_cm":73441},"minecraft:picked_up":{"gamma_beasts:thin_oak_log":1,"minecraft:wheat_seeds":2},"minecraft:mined":{"gamma_beasts:thin_oak_log":1,"minecraft:grass":11},"minecraft:used":{"minecraft:oak_log":1}},"DataVersion":3465}