{"stats":{"minecraft:custom":{"minecraft:jump":80,"minecraft:time_since_rest":1524,"minecraft:damage_dealt":20,"minecraft:crouch_one_cm":626,"minecraft:deaths":1,"minecraft:sprint_one_cm":13318,"minecraft:play_time":3053,"minecraft:damage_taken":259,"minecraft:time_since_death":1499,"minecraft:walk_one_cm":7851,"minecraft:sneak_time":136,"minecraft:total_world_time":3053,"minecraft:drop":1,"minecraft:fall_one_cm":1680,"minecraft:fly_one_cm":10916},"minecraft:mined":{"minecraft:birch_log":1,"minecraft:short_grass":4,"minecraft:oak_leaves":5},"minecraft:dropped":{"minecraft:stick":1},"minecraft:killed_by":{"minecraft:player":1},"minecraft:picked_up":{"minecraft:stick":1,"minecraft:birch_log":1}},"DataVersion":3953}