{"stats":{"minecraft:used":{"minecraft:dirt":2,"minecraft:oak_planks":4},"minecraft:mined":{"minecraft:short_grass":20,"minecraft:grass_block":1,"minecraft:oak_log":1,"minecraft:dirt":1},"minecraft:killed":{"minecraft:zombie":1},"minecraft:custom":{"minecraft:time_since_rest":230,"minecraft:deaths":1,"minecraft:crouch_one_cm":251,"minecraft:sprint_one_cm":41877,"minecraft:play_time":5091,"minecraft:damage_taken":250,"minecraft:walk_one_cm":7187,"minecraft:sneak_time":80,"minecraft:walk_under_water_one_cm":71,"minecraft:mob_kills":1,"minecraft:drop":2,"minecraft:jump":190,"minecraft:damage_dealt":198,"minecraft:leave_game":3,"minecraft:walk_on_water_one_cm":102,"minecraft:time_since_death":190,"minecraft:total_world_time":5091,"minecraft:fall_one_cm":2566,"minecraft:fly_one_cm":63766},"minecraft:dropped":{"minecraft:wheat_seeds":2},"minecraft:killed_by":{"minecraft:zombie":1},"minecraft:crafted":{"minecraft:oak_planks":4},"minecraft:picked_up":{"minecraft:rotten_flesh":2,"minecraft:wheat_seeds":4,"minecraft:oak_log":1,"minecraft:dirt":2}},"DataVersion":3953}