{"stats":{"minecraft:used":{"minecraft:dirt":2,"minecraft:oak_planks":4},"minecraft:mined":{"minecraft:short_grass":20,"minecraft:grass_block":1,"minecraft:oak_log":1,"minecraft:dirt":1},"minecraft:custom":{"minecraft:time_since_rest":4457,"minecraft:crouch_one_cm":251,"minecraft:sprint_one_cm":40378,"minecraft:play_time":4457,"minecraft:walk_one_cm":4414,"minecraft:sneak_time":80,"minecraft:walk_under_water_one_cm":71,"minecraft:drop":2,"minecraft:jump":182,"minecraft:leave_game":2,"minecraft:walk_on_water_one_cm":102,"minecraft:time_since_death":4457,"minecraft:total_world_time":4457,"minecraft:fall_one_cm":2566,"minecraft:fly_one_cm":62811},"minecraft:dropped":{"minecraft:wheat_seeds":2},"minecraft:crafted":{"minecraft:oak_planks":4},"minecraft:picked_up":{"minecraft:wheat_seeds":4,"minecraft:oak_log":1,"minecraft:dirt":2}},"DataVersion":3953}