{
  "minecraft:recipes/decorations/crafting_table": {
    "criteria": {
      "unlock_right_away": "2024-06-29 02:46:54 +0000"
    },
    "done": true
  },
  "minecraft:adventure/adventuring_time": {
    "criteria": {
      "minecraft:frozen_ocean": "2024-06-29 02:47:48 +0000",
      "minecraft:forest": "2024-06-29 02:46:54 +0000",
      "minecraft:snowy_plains": "2024-06-29 02:47:00 +0000",
      "minecraft:snowy_beach": "2024-06-29 02:47:47 +0000"
    },
    "done": false
  },
  "DataVersion": 3953
}